Times,I Value,J Value
00:00.00,2464.000000,682.666626
00:00.01,2464.000000,682.666626
00:00.03,2464.065430,682.666626
00:00.04,2464.194580,682.664551
00:00.06,2464.386719,682.660461
00:00.08,2464.640381,682.657288
00:00.09,2464.954346,682.652466
00:00.11,2465.327881,682.644531
00:00.12,2465.759521,682.635559
00:00.14,2466.248291,682.625305
00:00.16,2466.793213,682.611938
00:00.17,2467.393066,682.597534
00:00.19,2468.046631,682.581848
00:00.20,2468.753174,682.562805
00:00.22,2469.511963,682.540649
00:00.24,2470.321777,682.515442
00:00.25,2471.181152,682.489136
00:00.27,2472.089844,682.459351
00:00.28,2473.046631,682.426147
00:00.30,2474.050537,682.389465
00:00.32,2475.100830,682.351440
00:00.33,2476.197998,682.308044
00:00.35,2477.341553,682.262939
00:00.36,2478.531982,682.212280
00:00.38,2479.768799,682.157715
00:00.40,2481.052246,682.099060
00:00.41,2482.381836,682.036194
00:00.43,2483.757812,681.968994
00:00.44,2485.180176,681.897278
00:00.46,2486.648682,681.819153
00:00.48,2488.163330,681.735779
00:00.49,2489.724121,681.647217
00:00.51,2491.331055,681.551697
00:00.52,2492.984375,681.454651
00:00.54,2494.683350,681.350281
00:00.56,2496.428223,681.237427
00:00.57,2498.218750,681.117432
00:00.59,2500.054932,680.989014
00:00.60,2501.936768,680.853271
00:00.62,2503.864258,680.708801
00:00.64,2505.837646,680.559509
00:00.65,2507.856934,680.405212
00:00.67,2509.921875,680.243774
00:00.68,2512.031738,680.071228
00:00.70,2514.186768,679.887085
00:00.72,2516.386719,679.692749
00:00.73,2518.632080,679.491638
00:00.75,2520.922852,679.282410
00:00.76,2523.258789,679.065369
00:00.78,2525.639893,678.838928
00:00.80,2528.065918,678.603638
00:00.81,2530.536865,678.358093
00:00.83,2533.052734,678.102905
00:00.84,2535.613281,677.836853
00:00.86,2538.218506,677.560547
00:00.88,2540.868408,677.272827
00:00.89,2543.562744,676.974304
00:00.91,2546.301270,676.663879
00:00.92,2549.084229,676.340820
00:00.94,2551.911377,676.005920
00:00.96,2554.782471,675.658142
00:00.97,2557.697754,675.298157
00:00.99,2560.656738,674.924927
00:01.00,2563.659668,674.539185
00:01.02,2566.706299,674.139832
00:01.04,2569.796631,673.726196
00:01.05,2572.931152,673.302002
00:01.07,2576.108887,672.863098
00:01.08,2579.330566,672.451416
00:01.10,2582.597412,672.041870
00:01.12,2585.909180,671.632935
00:01.13,2589.266113,671.226196
00:01.15,2592.667969,670.821167
00:01.16,2596.114746,670.419067
00:01.18,2599.606689,670.020630
00:01.20,2603.143799,669.627808
00:01.21,2606.725830,669.240845
00:01.23,2610.352783,668.857056
00:01.24,2614.024658,668.477112
00:01.26,2617.741455,668.103027
00:01.28,2621.503174,667.735229
00:01.29,2625.309570,667.374207
00:01.31,2629.160645,667.021729
00:01.32,2633.056396,666.677917
00:01.34,2636.996826,666.343018
00:01.36,2640.981689,666.017395
00:01.37,2645.010986,665.702515
00:01.39,2649.084473,665.398438
00:01.40,2653.202148,665.105286
00:01.42,2657.363770,664.818848
00:01.44,2661.569336,664.544373
00:01.45,2665.818848,664.283203
00:01.47,2670.112061,664.035217
00:01.48,2674.448975,663.800476
00:01.50,2678.829346,663.574585
00:01.52,2683.253174,663.362732
00:01.53,2687.720215,663.165039
00:01.55,2692.230225,662.981567
00:01.56,2696.783203,662.812439
00:01.58,2701.379150,662.653259
00:01.60,2706.017822,662.504822
00:01.61,2710.699219,662.367737
00:01.63,2715.423340,662.242615
00:01.64,2720.189941,662.130066
00:01.66,2724.999023,662.029358
00:01.68,2729.850342,661.941223
00:01.69,2734.743896,661.865051
00:01.71,2739.679443,661.801697
00:01.72,2744.656982,661.750488
00:01.74,2749.676514,661.711060
00:01.76,2754.737793,661.684326
00:01.77,2759.840576,661.669739
00:01.79,2764.984619,661.671509
00:01.80,2770.169922,661.690125
00:01.82,2775.396240,661.725830
00:01.84,2780.663574,661.777649
00:01.85,2785.971924,661.846191
00:01.87,2791.321533,661.927307
00:01.88,2796.711914,662.026306
00:01.90,2802.142822,662.144714
00:01.92,2807.614258,662.282532
00:01.93,2813.125977,662.439941
00:01.95,2818.678467,662.612671
00:01.96,2824.271240,662.805786
00:01.98,2829.903809,663.020691
00:02.00,2835.576660,663.226013
00:02.01,2841.290527,663.437195
00:02.03,2847.045166,663.658081
00:02.04,2852.840576,663.887878
00:02.06,2858.676758,664.125854
00:02.08,2864.553711,664.371338
00:02.09,2870.471436,664.618042
00:02.11,2876.430176,664.864990
00:02.12,2882.429932,665.111267
00:02.14,2888.470459,665.354736
00:02.16,2894.551758,665.594910
00:02.17,2900.674072,665.833313
00:02.19,2906.837158,666.069458
00:02.20,2913.041016,666.301392
00:02.22,2919.285645,666.527466
00:02.24,2925.571045,666.746277
00:02.25,2931.896973,666.960938
00:02.27,2938.263428,667.165283
00:02.28,2944.670410,667.359436
00:02.30,2951.117676,667.542114
00:02.32,2957.605225,667.712280
00:02.33,2964.133057,667.870239
00:02.35,2970.700928,668.014832
00:02.36,2977.308838,668.146301
00:02.38,2983.956543,668.263611
00:02.40,2990.644043,668.367126
00:02.41,2997.371094,668.455750
00:02.43,3004.137695,668.529907
00:02.44,3010.943848,668.588562
00:02.46,3017.789307,668.632080
00:02.48,3024.673828,668.659485
00:02.49,3031.597412,668.671143
00:02.51,3038.559814,668.666138
00:02.52,3045.561035,668.643738
00:02.54,3052.601074,668.604370
00:02.56,3059.679688,668.548340
00:02.57,3066.797119,668.474792
00:02.59,3073.952881,668.382935
00:02.60,3081.146973,668.273315
00:02.62,3088.379395,668.146240
00:02.64,3095.650146,668.000793
00:02.65,3102.959229,667.837463
00:02.67,3110.306152,667.655396
00:02.68,3117.691162,667.455017
00:02.70,3125.114014,667.235413
00:02.72,3132.574707,666.997131
00:02.73,3140.073242,666.739197
00:02.75,3147.609375,666.462158
00:02.76,3155.183105,666.165100
00:02.78,3162.794189,665.848511
00:02.80,3170.442627,665.511597
00:02.81,3178.128418,665.154724
00:02.83,3185.851318,664.777100
00:02.84,3193.611328,664.379150
00:02.86,3201.408203,663.960083
00:02.88,3209.241943,663.520325
00:02.89,3217.112549,663.059021
00:02.91,3225.019775,662.576660
00:02.92,3232.963623,662.072449
00:02.94,3240.943848,661.546753
00:02.96,3248.960449,660.998840
00:02.97,3257.013184,660.427979
00:02.99,3265.102051,659.834656
00:03.00,3273.227051,659.219238
00:03.02,3281.387939,658.580933
00:03.04,3289.584717,657.920166
00:03.05,3297.817139,657.236084
00:03.07,3306.085205,656.529175
00:03.08,3314.388916,655.798645
00:03.10,3322.727783,655.043823
00:03.12,3331.102051,654.265137
00:03.13,3339.511475,653.462952
00:03.15,3347.956055,652.636475
00:03.16,3356.435303,651.785034
00:03.18,3364.949463,650.909119
00:03.20,3373.499512,650.016602
00:03.21,3382.085449,649.107361
00:03.23,3390.707520,648.182312
00:03.24,3399.365234,647.241150
00:03.26,3408.058838,646.284729
00:03.28,3416.788574,645.313782
00:03.29,3425.554443,644.330078
00:03.31,3434.356445,643.334106
00:03.32,3443.194824,642.327576
00:03.34,3452.069580,641.311829
00:03.36,3460.980957,640.288269
00:03.37,3469.929199,639.258179
00:03.39,3478.914307,638.223877
00:03.40,3487.936279,637.186279
00:03.42,3496.995605,636.147461
00:03.44,3506.092041,635.108276
00:03.45,3515.225830,634.070618
00:03.47,3524.396973,633.036194
00:03.48,3533.605469,632.006714
00:03.50,3542.851562,630.983643
00:03.52,3552.134766,629.963013
00:03.53,3561.455566,628.950989
00:03.55,3570.813965,627.948853
00:03.56,3580.209961,626.957886
00:03.58,3589.643311,625.978210
00:03.60,3599.114014,625.011108
00:03.61,3608.622070,624.053345
00:03.63,3618.167480,623.109497
00:03.64,3627.750000,622.180725
00:03.66,3637.369873,621.268005
00:03.68,3647.026855,620.371277
00:03.69,3656.720947,619.491516
00:03.71,3666.451904,618.625366
00:03.72,3676.219727,617.777161
00:03.74,3686.024414,616.947937
00:03.76,3695.865723,616.137390
00:03.77,3705.743408,615.346497
00:03.79,3715.657715,614.574951
00:03.80,3725.608398,613.823669
00:03.82,3735.595215,613.093567
00:03.84,3745.618164,612.384216
00:03.85,3755.677002,611.700989
00:03.87,3765.771484,611.044373
00:03.88,3775.899902,610.427002
00:03.90,3786.063232,609.841187
00:03.92,3796.261230,609.288208
00:03.93,3806.493164,608.775024
00:03.95,3816.758545,608.303528
00:03.96,3827.057617,607.871216
00:03.98,3837.389893,607.480164
00:04.00,3847.754150,607.137939
00:04.01,3858.149902,606.847168
00:04.03,3868.232910,606.616211
00:04.04,3878.003418,606.441223
00:04.06,3887.459473,606.328369
00:04.08,3896.601318,606.272827
00:04.09,3905.427490,606.278748
00:04.11,3913.939209,606.340637
00:04.12,3922.134766,606.460999
00:04.14,3930.360840,606.643799
00:04.16,3938.616943,606.889771
00:04.17,3946.902832,607.198486
00:04.19,3955.217529,607.570862
00:04.20,3963.560791,608.007629
00:04.22,3971.931885,608.508423
00:04.24,3980.330566,609.074036
00:04.25,3988.756104,609.704163
00:04.27,3997.208008,610.399658
00:04.28,4005.686035,611.160156
00:04.30,4014.189453,611.986572
00:04.32,4022.717773,612.878601
00:04.33,4031.270264,613.837158
00:04.35,4039.846680,614.861877
00:04.36,4048.116211,615.908936
00:04.38,4056.079590,616.976013
00:04.40,4064.066406,618.110107
00:04.41,4072.076172,619.310791
00:04.43,4080.108398,620.577698
00:04.44,4088.161133,621.914368
00:04.46,4096.235840,623.316345
00:04.48,4104.330078,624.788330
00:04.49,4112.363770,626.337402
00:04.51,4120.344238,627.952942
00:04.52,4128.273438,629.632324
00:04.54,4136.146973,631.379883
00:04.56,4143.966309,633.193481
00:04.57,4151.729492,635.074524
00:04.59,4159.432129,637.027344
00:04.60,4167.075195,639.050293
00:04.62,4174.656250,641.145691
00:04.64,4182.173340,643.314514
00:04.65,4189.626465,645.555542
00:04.67,4197.013184,647.870422
00:04.68,4204.331543,650.259766
00:04.70,4211.579102,652.724976
00:04.72,4218.753906,655.266235
00:04.73,4225.854004,657.883667
00:04.75,4232.879883,660.575317
00:04.76,4239.826660,663.343872
00:04.78,4246.752930,666.218811
00:04.80,4253.656250,669.200500
00:04.81,4260.535156,672.289062
00:04.83,4267.387695,675.483826
00:04.84,4274.212402,678.784241
00:04.86,4281.008301,682.189819
00:04.88,4287.720703,685.661987
00:04.89,4294.349121,689.199463
00:04.91,4300.943848,692.841003
00:04.92,4307.508301,696.582947
00:04.94,4314.041504,700.424316
00:04.96,4320.538574,704.366638
00:04.97,4326.952637,708.364746
00:04.99,4333.282715,712.417725
00:05.00,4339.524902,716.526917
00:05.02,4345.727539,720.734253
00:05.04,4351.894531,725.035889
00:05.05,4358.020996,729.433472
00:05.07,4364.106934,733.925415
00:05.08,4370.151367,738.511047
00:05.10,4376.154297,743.188904
00:05.12,4382.114258,747.958496
00:05.13,4388.031250,752.818481
00:05.15,4393.900391,757.770203
00:05.16,4399.725586,762.810425
00:05.18,4405.500977,767.940491
00:05.20,4411.225098,773.160278
00:05.21,4416.829590,778.475769
00:05.23,4422.301758,783.836731
00:05.24,4427.635742,789.241699
00:05.26,4432.828125,794.689514
00:05.28,4437.878418,800.179321
00:05.29,4442.818359,805.764038
00:05.31,4447.642090,811.442627
00:05.32,4452.342773,817.213684
00:05.34,4456.913574,823.075439
00:05.36,4461.347168,829.025513
00:05.37,4465.641113,835.061768
00:05.39,4469.789062,841.181152
00:05.40,4473.783203,847.380371
00:05.42,4477.617188,853.655396
00:05.44,4481.284668,860.001770
00:05.45,4484.782227,866.416321
00:05.47,4488.103516,872.893799
00:05.48,4491.243164,879.428711
00:05.50,4494.195801,886.015381
00:05.52,4496.961426,892.649902
00:05.53,4499.534668,899.326294
00:05.55,4501.911621,906.038269
00:05.56,4504.084473,912.776855
00:05.58,4506.053711,919.537842
00:05.60,4507.816406,926.314514
00:05.61,4509.369629,933.099915
00:05.63,4510.711914,939.887329
00:05.64,4511.844238,946.672668
00:05.66,4512.761719,953.445923
00:05.68,4513.462402,960.199646
00:05.69,4513.948730,966.929993
00:05.71,4514.225586,973.636536
00:05.72,4514.291016,980.309753
00:05.74,4514.150391,986.947693
00:05.76,4513.806641,993.546082
00:05.77,4513.263672,1000.101074
00:05.79,4512.529785,1006.613586
00:05.80,4511.610840,1013.081238
00:05.82,4510.515625,1019.506287
00:05.84,4509.247559,1025.884155
00:05.85,4507.811035,1032.213623
00:05.87,4506.214355,1038.497437
00:05.88,4504.465820,1044.738892
00:05.90,4502.566895,1050.934204
00:05.92,4500.521973,1057.083130
00:05.93,4498.336914,1063.188599
00:05.95,4496.016113,1069.250610
00:05.96,4493.563965,1075.269775
00:05.98,4490.983398,1081.245850
00:06.00,4488.275879,1087.175781
00:06.01,4485.447266,1093.063477
00:06.03,4482.500000,1098.908936
00:06.04,4479.437012,1104.712280
00:06.06,4476.261719,1110.474121
00:06.08,4472.978027,1116.197510
00:06.09,4469.585938,1121.879395
00:06.11,4466.087891,1127.519165
00:06.12,4462.487793,1133.120728
00:06.14,4458.787109,1138.683105
00:06.16,4454.985352,1144.202637
00:06.17,4451.086426,1149.682983
00:06.19,4447.091797,1155.123779
00:06.20,4443.000977,1160.521118
00:06.22,4438.817383,1165.878296
00:06.24,4434.542480,1171.194824
00:06.25,4430.176758,1176.470215
00:06.27,4425.719727,1181.699951
00:06.28,4421.167969,1186.871582
00:06.30,4416.525391,1191.992310
00:06.32,4411.792969,1197.060791
00:06.33,4406.971680,1202.075562
00:06.35,4402.062988,1207.038818
00:06.36,4397.067383,1211.948486
00:06.38,4391.985840,1216.803345
00:06.40,4386.818848,1221.601562
00:06.41,4381.566895,1226.342163
00:06.43,4376.232422,1231.027344
00:06.44,4370.815918,1235.656250
00:06.46,4365.318359,1240.227783
00:06.48,4359.740723,1244.740967
00:06.49,4354.085449,1249.199463
00:06.51,4348.351562,1253.597900
00:06.52,4342.541504,1257.940063
00:06.54,4336.656250,1262.225342
00:06.56,4330.696289,1266.453125
00:06.57,4324.662598,1270.622681
00:06.59,4318.556641,1274.734253
00:06.60,4312.379883,1278.791016
00:06.62,4306.132812,1282.789795
00:06.64,4299.816895,1286.734619
00:06.65,4293.432617,1290.621094
00:06.67,4286.980957,1294.453003
00:06.68,4280.463379,1298.230957
00:06.70,4273.880859,1301.955322
00:06.72,4267.293945,1305.601074
00:06.73,4260.703613,1309.168457
00:06.75,4254.111816,1312.662842
00:06.76,4247.457520,1316.104004
00:06.78,4240.742676,1319.497192
00:06.80,4233.967285,1322.838989
00:06.81,4227.193848,1326.111938
00:06.83,4220.443848,1329.337280
00:06.84,4214.270996,1333.164062
00:06.86,4208.020996,1336.890503
00:06.88,4201.696777,1340.521118
00:06.89,4195.301270,1344.063965
00:06.91,4188.993652,1347.684570
00:06.92,4182.804199,1351.416626
00:06.94,4176.590332,1355.102661
00:06.96,4170.383301,1358.775391
00:06.97,4164.210449,1362.458740
00:06.99,4158.058105,1366.141235
00:07.00,4151.921387,1369.819580
00:07.02,4145.810059,1373.507812
00:07.04,4139.718262,1377.200806
00:07.05,4133.640625,1380.899170
00:07.07,4127.568848,1384.593506
00:07.08,4121.518555,1388.308105
00:07.10,4115.461914,1392.017944
00:07.12,4109.401855,1395.729126
00:07.13,4103.335938,1399.446899
00:07.15,4097.286621,1402.649902
00:07.16,4090.929932,1405.943481
00:07.18,4084.485596,1409.160278
00:07.20,4077.978027,1412.295288
00:07.21,4071.408936,1415.347412
00:07.23,4064.779053,1418.329956
00:07.24,4058.089355,1421.238892
00:07.26,4051.341064,1424.074585
00:07.28,4044.534668,1426.840454
00:07.29,4037.671387,1429.531250
00:07.31,4030.751465,1432.149414
00:07.32,4023.776123,1434.693970
00:07.34,4016.746094,1437.167114
00:07.36,4009.662109,1439.562500
00:07.37,4002.525146,1441.882446
00:07.39,3995.335938,1444.125000
00:07.40,3988.095459,1446.289307
00:07.42,3980.804443,1448.377441
00:07.44,3973.464111,1450.383057
00:07.45,3966.075439,1452.309570
00:07.47,3958.639160,1454.156006
00:07.48,3951.155762,1455.925293
00:07.50,3943.626709,1457.612061
00:07.52,3936.052734,1459.219482
00:07.53,3928.434570,1460.747192
00:07.55,3920.773438,1462.195068
00:07.56,3913.069336,1463.566895
00:07.58,3905.323486,1464.863159
00:07.60,3897.537109,1466.078735
00:07.61,3889.710205,1467.219727
00:07.63,3881.843750,1468.286255
00:07.64,3873.938232,1469.279419
00:07.66,3865.994385,1470.200317
00:07.68,3858.012207,1471.054199
00:07.69,3849.992676,1471.838379
00:07.71,3841.936279,1472.553467
00:07.72,3833.843018,1473.205566
00:07.74,3825.713135,1473.795898
00:07.76,3817.546875,1474.326782
00:07.77,3809.344482,1474.800171
00:07.79,3801.106201,1475.217896
00:07.80,3792.832275,1475.581665
00:07.82,3784.592041,1475.902954
00:07.84,3776.415039,1476.187134
00:07.85,3768.194336,1476.424316
00:07.87,3759.938721,1476.612183
00:07.88,3751.647949,1476.753174
00:07.90,3743.322510,1476.848267
00:07.92,3734.962158,1476.899536
00:07.93,3726.572021,1476.909546
00:07.95,3718.172119,1476.887085
00:07.96,3709.737549,1476.825684
00:07.98,3701.268311,1476.727051
00:08.00,3692.773193,1476.593628
00:08.01,3684.249512,1476.427856
00:08.03,3675.693848,1476.230225
00:08.04,3667.103516,1476.000366
00:08.06,3658.478271,1475.740601
00:08.08,3649.822754,1475.451172
00:08.09,3641.141113,1475.134644
00:08.11,3632.424805,1474.789429
00:08.12,3623.673584,1474.416504
00:08.14,3614.887695,1474.016479
00:08.16,3606.067139,1473.590088
00:08.17,3597.212402,1473.137939
00:08.19,3588.339111,1472.662109
00:08.20,3579.431152,1472.160278
00:08.22,3570.490234,1471.633057
00:08.24,3561.531006,1471.082520
00:08.25,3552.551270,1470.508545
00:08.27,3543.553955,1469.910645
00:08.28,3534.498291,1469.285889
00:08.30,3525.408691,1468.635498
00:08.32,3516.284912,1467.960083
00:08.33,3507.127197,1467.258789
00:08.35,3497.935791,1466.532227
00:08.36,3488.710449,1465.780640
00:08.38,3479.451660,1465.003296
00:08.40,3470.159180,1464.200684
00:08.41,3460.833252,1463.371948
00:08.43,3451.474121,1462.517578
00:08.44,3442.081787,1461.636719
00:08.46,3432.656250,1460.828369
00:08.48,3423.197754,1460.110107
00:08.49,3413.708252,1459.384399
00:08.51,3404.187988,1458.652954
00:08.52,3394.637207,1457.922363
00:08.54,3385.056152,1457.195801
00:08.56,3375.445068,1456.487915
00:08.57,3365.804199,1455.769287
00:08.59,3356.133789,1455.053345
00:08.60,3346.433594,1454.353271
00:08.62,3336.704346,1453.671997
00:08.64,3326.945557,1452.991211
00:08.65,3317.157471,1452.308594
00:08.67,3307.340332,1451.631836
00:08.68,3297.493896,1450.975830
00:08.70,3287.619141,1450.339966
00:08.72,3277.716064,1449.703979
00:08.73,3267.783691,1449.077148
00:08.75,3257.822266,1448.459961
00:08.76,3247.832031,1447.853394
00:08.78,3237.813965,1447.255371
00:08.80,3227.768799,1446.680786
00:08.81,3217.696045,1446.119263
00:08.83,3207.594727,1445.556519
00:08.84,3197.465820,1445.012329
00:08.86,3187.309326,1444.481323
00:08.88,3177.126709,1443.970215
00:08.89,3166.916992,1443.458862
00:08.91,3156.682861,1442.961304
00:08.92,3146.424805,1442.484985
00:08.94,3136.134521,1442.011719
00:08.96,3125.813477,1441.531250
00:08.97,3115.463623,1441.077026
00:08.99,3105.083008,1440.620361
00:09.00,3094.671387,1440.160034
00:09.02,3084.230469,1439.739990
00:09.04,3073.756836,1439.297729
00:09.05,3063.251953,1438.869141
00:09.07,3052.718262,1438.505981
00:09.08,3042.151367,1438.127930
00:09.10,3031.551025,1437.738892
00:09.12,3020.918945,1437.373169
00:09.13,3010.258057,1437.094238
00:09.15,2999.563477,1436.810669
00:09.16,2988.835205,1436.526855
00:09.18,2978.073242,1436.247192
00:09.20,2967.277588,1435.975708
00:09.21,2956.448242,1435.718750
00:09.23,2945.591064,1435.590698
00:09.24,2934.700684,1435.475464
00:09.26,2923.777344,1435.376709
00:09.28,2912.821289,1435.297974
00:09.29,2901.832764,1435.242432
00:09.31,2890.812012,1435.212036
00:09.32,2879.759521,1435.209839
00:09.34,2868.675293,1435.237427
00:09.36,2857.559814,1435.296631
00:09.37,2846.413330,1435.388916
00:09.39,2835.236084,1435.515747
00:09.40,2824.028564,1435.678589
00:09.42,2812.789795,1435.869629
00:09.44,2801.520020,1436.089600
00:09.45,2790.219238,1436.339111
00:09.47,2778.887695,1436.617554
00:09.48,2767.525146,1436.920044
00:09.50,2756.131592,1437.249878
00:09.52,2744.707275,1437.605591
00:09.53,2733.251953,1437.985962
00:09.55,2721.765625,1438.388550
00:09.56,2710.248047,1438.811157
00:09.58,2698.698975,1439.251831
00:09.60,2687.118408,1439.708618
00:09.61,2675.506348,1440.178589
00:09.63,2663.862549,1440.658936
00:09.64,2652.186768,1441.147095
00:09.66,2640.479004,1441.640625
00:09.68,2628.739014,1442.137085
00:09.69,2616.967041,1442.634399
00:09.71,2605.162842,1443.130371
00:09.72,2593.326660,1443.623047
00:09.74,2581.458252,1444.109253
00:09.76,2569.557617,1444.587402
00:09.77,2557.625000,1445.054565
00:09.79,2545.660400,1445.509399
00:09.80,2533.663818,1445.950317
00:09.82,2521.635498,1446.374756
00:09.84,2509.575439,1446.781494
00:09.85,2497.483887,1447.168091
00:09.87,2485.361084,1447.533569
00:09.88,2473.207031,1447.875610
00:09.90,2461.021973,1448.193237
00:09.92,2448.805908,1448.485596
00:09.93,2436.559326,1448.750488
00:09.95,2424.282227,1448.987305
00:09.96,2411.974854,1449.195068
00:09.98,2399.637451,1449.373169
00:10.00,2387.270264,1449.519531
00:10.01,2374.873535,1449.633667
00:10.03,2362.447266,1449.714966
00:10.04,2349.991943,1449.762695
00:10.06,2337.507568,1449.776245
00:10.08,2324.994385,1449.755127
00:10.09,2312.452637,1449.698853
00:10.11,2299.882568,1449.608032
00:10.12,2287.284180,1449.482056
00:10.14,2274.657471,1449.320557
00:10.16,2262.002686,1449.123047
00:10.17,2249.320068,1448.889038
00:10.19,2236.609863,1448.618042
00:10.20,2223.872803,1448.360718
00:10.22,2211.110107,1448.298096
00:10.24,2198.319824,1448.191040
00:10.25,2185.501953,1448.066650
00:10.27,2172.656494,1447.933350
00:10.28,2159.783203,1447.789185
00:10.30,2146.881592,1447.615112
00:10.32,2133.951416,1447.420654
00:10.33,2120.993652,1447.265991
00:10.35,2108.007080,1447.088501
00:10.36,2094.991455,1446.892334
00:10.38,2081.946533,1446.681641
00:10.40,2068.872314,1446.460327
00:10.41,2055.768555,1446.233276
00:10.43,2042.635132,1446.014893
00:10.44,2029.473755,1445.887817
00:10.46,2016.282959,1445.761475
00:10.48,2003.062622,1445.639038
00:10.49,1989.812988,1445.524780
00:10.51,1976.534180,1445.422607
00:10.52,1963.226440,1445.336304
00:10.54,1949.889893,1445.268433
00:10.56,1936.524902,1445.222412
00:10.57,1923.131592,1445.200562
00:10.59,1909.710449,1445.206299
00:10.60,1896.261719,1445.241455
00:10.62,1882.785645,1445.307983
00:10.64,1869.282471,1445.407837
00:10.65,1855.752563,1445.542725
00:10.67,1842.196289,1445.714355
00:10.68,1828.612793,1445.915283
00:10.70,1815.002319,1446.146362
00:10.72,1801.365112,1446.408325
00:10.73,1787.701050,1446.700928
00:10.75,1774.010010,1447.019409
00:10.76,1760.292358,1447.368164
00:10.78,1746.547974,1447.745850
00:10.80,1732.776733,1448.150146
00:10.81,1718.978638,1448.579956
00:10.83,1705.153198,1449.028687
00:10.84,1691.300171,1449.493286
00:10.86,1677.419556,1449.972046
00:10.88,1663.511108,1450.461060
00:10.89,1649.574951,1450.962402
00:10.91,1635.610840,1451.472412
00:10.92,1621.618652,1451.988525
00:10.94,1607.598389,1452.507324
00:10.96,1593.549805,1453.025513
00:10.97,1579.473022,1453.539917
00:10.99,1565.368042,1454.047607
00:11.00,1551.234741,1454.545532
00:11.02,1537.073364,1455.031006
00:11.04,1522.883911,1455.501343
00:11.05,1508.666504,1455.953979
00:11.07,1494.421387,1456.386475
00:11.08,1480.148682,1456.796387
00:11.10,1465.848999,1457.176880
00:11.12,1451.522095,1457.530640
00:11.13,1437.168823,1457.850830
00:11.15,1422.789307,1458.135742
00:11.16,1408.384155,1458.382324
00:11.18,1393.953003,1458.593628
00:11.20,1379.496826,1458.763184
00:11.21,1365.016113,1458.888306
00:11.23,1350.510498,1458.972168
00:11.24,1335.981201,1459.008667
00:11.26,1321.428711,1458.995361
00:11.28,1306.852539,1458.935669
00:11.29,1292.254150,1458.822632
00:11.31,1277.633911,1458.655151
00:11.32,1262.992188,1458.432495
00:11.34,1248.674194,1458.162720
00:11.36,1234.680298,1457.841919
00:11.37,1221.008545,1457.475220
00:11.39,1207.659668,1457.057861
00:11.40,1194.634155,1456.586670
00:11.42,1181.929810,1456.066406
00:11.44,1169.548828,1455.490234
00:11.45,1157.500732,1454.839355
00:11.47,1145.777954,1454.127197
00:11.48,1134.382324,1453.350220
00:11.50,1123.311523,1452.512329
00:11.52,1112.567749,1451.609863
00:11.53,1102.148560,1450.647583
00:11.55,1092.054077,1449.625244
00:11.56,1082.286499,1448.540894
00:11.58,1072.843628,1447.398071
00:11.60,1063.725586,1446.198364
00:11.61,1054.932129,1444.943604
00:11.63,1046.463135,1443.636108
00:11.64,1038.320679,1442.275024
00:11.66,1030.125732,1440.967407
00:11.68,1021.631531,1440.468018
00:11.69,1013.170349,1439.787842
00:11.71,1004.802979,1438.954834
00:11.72,996.532410,1437.971802
00:11.74,988.354980,1436.847168
00:11.76,980.270447,1435.585938
00:11.77,972.282471,1434.189209
00:11.79,964.387451,1432.664795
00:11.80,956.505005,1431.191528
00:11.82,948.484497,1430.090698
00:11.84,940.525024,1428.934814
00:11.85,932.631958,1427.709717
00:11.87,924.773071,1426.417847
00:11.88,917.042358,1424.954834
00:11.90,909.520508,1423.151733
00:11.92,902.124695,1421.208130
00:11.93,894.793274,1419.099976
00:11.95,887.525452,1416.832397
00:11.96,880.324219,1414.408325
00:11.98,873.188965,1411.832520
00:12.00,866.119934,1409.108643
00:12.01,859.117432,1406.240112
00:12.03,852.182617,1403.229614
00:12.04,845.316772,1400.079712
00:12.06,838.521179,1396.792969
00:12.08,831.794250,1393.372559
00:12.09,825.138306,1389.820068
00:12.11,818.555664,1386.137085
00:12.12,812.049561,1382.324585
00:12.14,805.622314,1378.384399
00:12.16,799.276306,1374.318115
00:12.17,793.014771,1370.126831
00:12.19,786.845032,1365.810791
00:12.20,780.770203,1361.371582
00:12.22,774.789307,1356.811768
00:12.24,768.906555,1352.132324
00:12.25,763.125183,1347.335083
00:12.27,757.448303,1342.421875
00:12.28,751.880188,1337.393921
00:12.30,746.424866,1332.252930
00:12.32,741.084961,1327.001465
00:12.33,735.867554,1321.641357
00:12.35,730.771179,1316.175415
00:12.36,725.798645,1310.605957
00:12.38,720.956360,1304.935669
00:12.40,716.245972,1299.167725
00:12.41,711.664001,1293.305298
00:12.43,707.216675,1287.351318
00:12.44,702.905823,1281.308960
00:12.46,698.733215,1275.181396
00:12.48,694.704651,1268.972412
00:12.49,690.821777,1262.685303
00:12.51,687.090088,1256.324463
00:12.52,683.508057,1249.892090
00:12.54,680.080994,1243.393066
00:12.56,676.767029,1236.823608
00:12.57,673.586243,1230.186890
00:12.59,670.544373,1223.486572
00:12.60,667.637756,1216.724731
00:12.62,664.867188,1209.904053
00:12.64,662.232483,1203.027100
00:12.65,659.732483,1196.096436
00:12.67,657.367371,1189.114380
00:12.68,655.135193,1182.083252
00:12.70,653.035339,1175.005249
00:12.72,651.066223,1167.882446
00:12.73,649.226501,1160.716797
00:12.75,647.513855,1153.510132
00:12.76,645.927368,1146.264160
00:12.78,644.465027,1138.980713
00:12.80,643.125122,1131.661255
00:12.81,641.910095,1124.308838
00:12.83,640.814209,1116.923584
00:12.84,639.836243,1109.506836
00:12.86,638.979065,1102.061768
00:12.88,638.241455,1094.589722
00:12.89,637.623291,1087.092529
00:12.91,637.127380,1079.573486
00:12.92,636.753662,1072.034302
00:12.94,636.501831,1064.476807
00:12.96,636.390869,1056.915161
00:12.97,636.399597,1049.407715
00:12.99,636.528625,1041.956543
00:13.00,636.788696,1034.499878
00:13.02,637.180603,1027.040039
00:13.04,637.704468,1019.579468
00:13.05,638.360229,1012.120483
00:13.07,639.144470,1004.662842
00:13.08,640.058533,997.209473
00:13.10,641.102417,989.762939
00:13.12,642.276306,982.325806
00:13.13,643.578186,974.898254
00:13.15,645.008179,967.482910
00:13.16,646.566589,960.082458
00:13.18,648.252686,952.698914
00:13.20,650.063843,945.332031
00:13.21,651.999695,937.983948
00:13.23,654.060852,930.657471
00:13.24,656.217346,923.412476
00:13.26,658.468750,916.250916
00:13.28,660.843994,909.116760
00:13.29,663.342834,902.012207
00:13.31,665.963867,894.938721
00:13.32,668.706055,887.897827
00:13.34,671.567505,880.890381
00:13.36,674.547485,873.917969
00:13.37,677.645081,866.982300
00:13.39,680.858643,860.084229
00:13.40,684.150269,853.278625
00:13.42,687.518250,846.566284
00:13.44,690.999939,839.895935
00:13.45,694.596741,833.272888
00:13.47,698.304871,826.694397
00:13.48,702.122986,820.161438
00:13.50,706.050659,813.675903
00:13.52,710.086487,807.238831
00:13.53,714.186096,800.899841
00:13.55,718.350647,794.664307
00:13.56,722.623047,788.485779
00:13.58,727.002502,782.366028
00:13.60,731.487427,776.305908
00:13.61,736.078613,770.311218
00:13.63,740.775513,764.384521
00:13.64,745.576843,758.527466
00:13.66,750.487549,752.780212
00:13.68,755.505005,747.128174
00:13.69,760.628845,741.576050
00:13.71,765.857666,736.124023
00:13.72,771.190369,730.776733
00:13.74,776.625671,725.538818
00:13.76,782.162292,720.411255
00:13.77,787.799011,715.399536
00:13.79,793.533997,710.508545
00:13.80,799.365112,705.738464
00:13.82,805.290161,701.098938
00:13.84,811.306641,696.589783
00:13.85,817.412231,692.210999
00:13.87,823.603943,687.965759
00:13.88,829.879150,683.858337
00:13.90,836.234619,679.891602
00:13.92,842.667175,676.068542
00:13.93,849.174438,672.388000
00:13.95,855.753113,668.851929
00:13.96,862.400879,665.458313
00:13.98,869.114624,662.209351
00:14.00,875.891113,659.106140
00:14.01,882.728333,656.145935
00:14.03,889.622131,653.334106
00:14.04,896.569458,650.670776
00:14.06,903.567383,648.156250
00:14.08,910.614319,645.785828
00:14.09,917.707642,643.559265
00:14.11,924.844604,641.477356
00:14.12,932.022705,639.538757
00:14.14,939.239380,637.743469
00:14.16,946.492249,636.090332
00:14.17,953.779053,634.578552
00:14.19,961.097473,633.207275
00:14.20,968.445496,631.974792
00:14.22,975.820984,630.880676
00:14.24,983.221741,629.924377
00:14.25,990.647583,629.100464
00:14.27,998.096741,628.407898
00:14.28,1005.565430,627.849792
00:14.30,1013.051819,627.425049
00:14.32,1020.553772,627.133789
00:14.33,1028.069336,626.974915
00:14.35,1035.596924,626.947266
00:14.36,1043.134888,627.048950
00:14.38,1050.682007,627.278320
00:14.40,1058.237183,627.633606
00:14.41,1065.799316,628.112671
00:14.43,1073.386719,628.638123
00:14.44,1080.994873,629.250427
00:14.46,1088.624268,629.945801
00:14.48,1096.276733,630.715820
00:14.49,1103.952515,631.559204
00:14.51,1111.652588,632.470703
00:14.52,1119.378784,633.443420
00:14.54,1127.132568,634.471252
00:14.56,1134.916504,635.543152
00:14.57,1142.731934,636.653381
00:14.59,1150.580200,637.795410
00:14.60,1158.462158,638.966553
00:14.62,1166.379150,640.160095
00:14.64,1174.332153,641.369751
00:14.65,1182.322510,642.588684
00:14.67,1190.350342,643.815918
00:14.68,1198.416992,645.040710
00:14.70,1206.522583,646.262939
00:14.72,1214.667725,647.476929
00:14.73,1222.852661,648.678528
00:14.75,1231.077759,649.862610
00:14.76,1239.342896,651.030029
00:14.78,1247.648315,652.172668
00:14.80,1255.993774,653.291687
00:14.81,1264.379272,654.384827
00:14.83,1272.804810,655.449951
00:14.84,1281.270020,656.484985
00:14.86,1289.774902,657.492371
00:14.88,1298.319092,658.466736
00:14.89,1306.902466,659.407349
00:14.91,1315.524780,660.313477
00:14.92,1324.185791,661.185486
00:14.94,1332.885254,662.022583
00:14.96,1341.623047,662.825134
00:14.97,1350.398804,663.592346
00:14.99,1359.212402,664.324585
00:15.00,1368.063599,665.022095
00:15.02,1376.952148,665.685120
00:15.04,1385.877808,666.315002
00:15.05,1394.840454,666.911743
00:15.07,1403.839966,667.475464
00:15.08,1412.876099,668.007385
00:15.10,1421.948730,668.507324
00:15.12,1431.057617,668.975281
00:15.13,1440.202637,669.412415
00:15.15,1449.383545,669.818420
00:15.16,1458.600342,670.194397
00:15.18,1467.852783,670.541138
00:15.20,1477.140747,670.858337
00:15.21,1486.464111,671.146851
00:15.23,1495.822632,671.406250
00:15.24,1505.216309,671.637451
00:15.26,1514.644897,671.841064
00:15.28,1524.108276,672.016602
00:15.29,1533.606323,672.164795
00:15.31,1543.138916,672.285095
00:15.32,1552.705933,672.378174
00:15.34,1562.307251,672.444641
00:15.36,1571.942627,672.483887
00:15.37,1581.612061,672.496521
00:15.39,1591.315430,672.483032
00:15.40,1601.052490,672.442810
00:15.42,1610.823364,672.376465
00:15.44,1620.627808,672.283325
00:15.45,1630.465698,672.164062
00:15.47,1640.337036,672.017944
00:15.48,1650.241699,671.845581
00:15.50,1660.179565,671.646301
00:15.52,1670.150513,671.420654
00:15.53,1680.154541,671.169128
00:15.55,1690.191528,670.890991
00:15.56,1700.261353,670.586731
00:15.58,1710.364014,670.255676
00:15.60,1720.499268,669.898254
00:15.61,1730.667114,669.513794
00:15.63,1740.867432,669.102783
00:15.64,1751.100098,668.664490
00:15.66,1761.364990,668.199402
00:15.68,1771.661987,667.706787
00:15.69,1781.991089,667.187134
00:15.71,1792.352051,666.639648
00:15.72,1802.744629,666.063721
00:15.74,1813.168945,665.459900
00:15.76,1823.625854,664.836304
00:15.77,1834.115234,664.192871
00:15.79,1844.637329,663.530701
00:15.80,1855.191895,662.849609
00:15.82,1865.779053,662.150574
00:15.84,1876.398804,661.434448
00:15.85,1887.051270,660.703186
00:15.87,1897.736450,659.957397
00:15.88,1908.454590,659.198914
00:15.90,1919.205688,658.429321
00:15.92,1929.989990,657.651245
00:15.93,1940.807495,656.866028
00:15.95,1951.658447,656.076050
00:15.96,1962.542847,655.282471
00:15.98,1973.460815,654.487549
00:16.00,1984.412354,653.693298
00:16.01,1995.397583,652.901733
00:16.03,2006.416626,652.114685
00:16.04,2017.469360,651.333862
00:16.06,2028.555908,650.561035
00:16.08,2039.676147,649.797729
00:16.09,2050.830078,649.045471
00:16.11,2062.017822,648.306824
00:16.12,2073.239014,647.583069
00:16.14,2084.493896,646.875488
00:16.16,2095.782227,646.185242
00:16.17,2107.104004,645.513550
00:16.19,2118.458984,644.861450
00:16.20,2129.847168,644.231140
00:16.22,2141.268311,643.623535
00:16.24,2152.722412,643.039551
00:16.25,2164.209229,642.480042
00:16.27,2175.728516,641.945862
00:16.28,2187.280273,641.437805
00:16.30,2198.864258,640.956726
00:16.32,2210.480469,640.503296
00:16.33,2222.128418,640.078308
00:16.35,2233.808105,639.682434
00:16.36,2245.519531,639.316284
00:16.38,2257.262207,638.980591
00:16.40,2269.036133,638.675964
00:16.41,2280.841064,638.401855
00:16.43,2292.677002,638.158936
00:16.44,2304.543701,637.947815
00:16.46,2316.440918,637.769104
00:16.48,2328.369141,637.609802
00:16.49,2340.328125,637.474426
00:16.51,2352.317871,637.361816
00:16.52,2364.338379,637.271973
00:16.54,2376.389648,637.203674
00:16.56,2388.471680,637.150208
00:16.57,2400.584473,637.110901
00:16.59,2412.728027,637.087341
00:16.60,2424.902344,637.073120
00:16.62,2437.107422,637.065552
00:16.64,2449.343262,637.062134
00:16.65,2461.609863,637.060547
00:16.67,2473.907227,637.057312
00:16.68,2486.235107,637.049255
00:16.70,2498.593750,637.036743
00:16.72,2510.982666,637.012268
00:16.73,2523.401855,636.973145
00:16.75,2535.851318,636.920166
00:16.76,2548.330322,636.845154
00:16.78,2560.838623,636.745972
00:16.80,2573.375977,636.619324
00:16.81,2585.941895,636.462280
00:16.83,2598.536133,636.271912
00:16.84,2611.157959,636.045471
00:16.86,2623.807129,635.780457
00:16.88,2636.484863,635.487732
00:16.89,2649.190918,635.164368
00:16.91,2661.925293,634.813049
00:16.92,2674.687256,634.428589
00:16.94,2687.477051,634.011414
00:16.96,2700.294189,633.560852
00:16.97,2713.139160,633.081909
00:16.99,2726.012207,632.575867
00:17.00,2738.913330,632.045105
00:17.02,2751.842773,631.490601
00:17.04,2764.800537,630.915710
00:17.05,2777.787109,630.322266
00:17.07,2790.802490,629.714355
00:17.08,2803.846924,629.094604
00:17.10,2816.920898,628.466797
00:17.12,2830.024170,627.834412
00:17.13,2843.157227,627.200806
00:17.15,2856.320068,626.570312
00:17.16,2869.512695,625.946960
00:17.18,2882.735107,625.334717
00:17.20,2895.987305,624.732788
00:17.21,2909.269043,624.149414
00:17.23,2922.580566,623.583557
00:17.24,2935.921631,623.038635
00:17.26,2949.291992,622.518005
00:17.28,2962.691406,622.024902
00:17.29,2976.119385,621.562378
00:17.31,2989.576172,621.128845
00:17.32,3003.061035,620.730713
00:17.34,3016.573975,620.369629
00:17.36,3030.114258,620.047241
00:17.37,3043.681885,619.765137
00:17.39,3057.276367,619.524780
00:17.40,3070.897217,619.327637
00:17.42,3084.544434,619.173950
00:17.44,3098.217529,619.065186
00:17.45,3111.916260,619.001587
00:17.47,3125.640137,618.984497
00:17.48,3139.389160,619.014038
00:17.50,3153.163086,619.090332
00:17.52,3166.961426,619.213501
00:17.53,3180.784424,619.383606
00:17.55,3194.631592,619.600769
00:17.56,3208.502930,619.865051
00:17.58,3222.398438,620.175415
00:17.60,3236.317871,620.532104
00:17.61,3250.260986,620.935181
00:17.63,3264.227783,621.383728
00:17.64,3278.218018,621.877930
00:17.66,3292.231934,622.416931
00:17.68,3306.269043,623.000977
00:17.69,3320.329590,623.629150
00:17.71,3334.413330,624.301819
00:17.72,3348.520264,625.018188
00:17.74,3362.650146,625.777466
00:17.76,3376.803223,626.578918
00:17.77,3390.979248,627.423035
00:17.79,3405.178223,628.309082
00:17.80,3419.400146,629.236389
00:17.82,3433.644775,630.204346
00:17.84,3447.912109,631.213501
00:17.85,3462.202148,632.263245
00:17.87,3476.514893,633.352966
00:17.88,3490.850098,634.482178
00:17.90,3505.207764,635.651428
00:17.92,3519.541504,636.859985
00:17.93,3533.618652,638.106628
00:17.95,3547.725830,639.390808
00:17.96,3561.856201,640.710999
00:17.98,3576.009766,642.066895
00:18.00,3590.186523,643.458191
00:18.01,3604.386475,644.883484
00:18.03,3618.609619,646.342590
00:18.04,3632.855957,647.835205
00:18.06,3647.125488,649.361145
00:18.08,3661.418213,650.920227
00:18.09,3675.733887,652.512268
00:18.11,3690.072510,654.137024
00:18.12,3704.434082,655.794373
00:18.14,3718.818604,657.484131
00:18.16,3733.225830,659.206116
00:18.17,3747.657715,660.951721
00:18.19,3762.113770,662.721130
00:18.20,3776.594238,664.514587
00:18.22,3791.099121,666.331177
00:18.24,3805.628418,668.170166
00:18.25,3820.182373,670.029724
00:18.27,3834.761230,671.909180
00:18.28,3849.364990,673.806885
00:18.30,3863.994141,675.720093
00:18.32,3878.320312,677.602722
00:18.33,3892.343994,679.453430
00:18.35,3906.066406,681.269958
00:18.36,3919.486816,683.058716
00:18.38,3932.606201,684.818237
00:18.40,3945.425537,686.546021
00:18.41,3957.945557,688.241760
00:18.43,3970.166992,689.903992
00:18.44,3982.090576,691.531433
00:18.46,3993.717041,693.123901
00:18.48,4005.045898,694.685242
00:18.49,4016.077881,696.215881
00:18.51,4026.813477,697.715088
00:18.52,4037.254150,699.178955
00:18.54,4047.399414,700.612305
00:18.56,4057.249756,702.016235
00:18.57,4066.805664,703.390625
00:18.59,4076.067383,704.736450
00:18.60,4085.035400,706.054382
00:18.62,4093.710205,707.345032
00:18.64,4102.090820,708.614075
00:18.65,4110.161621,709.895935
00:18.67,4118.195801,711.211304
00:18.68,4126.190430,712.566895
00:18.70,4134.146484,713.960938
00:18.72,4142.062500,715.396545
00:18.73,4149.937500,716.876526
00:18.75,4157.769531,718.404236
00:18.76,4165.557129,719.983643
00:18.78,4173.297852,721.618225
00:18.80,4180.991699,723.308350
00:18.81,4188.636230,725.056946
00:18.83,4196.229492,726.866638
00:18.84,4203.769043,728.740662
00:18.86,4211.251953,730.681824
00:18.88,4218.676758,732.691650
00:18.89,4226.042969,734.769165
00:18.91,4233.346191,736.918884
00:18.92,4240.586914,739.139404
00:18.94,4247.762695,741.431580
00:18.96,4254.872070,743.796143
00:18.97,4261.971191,746.261719
00:18.99,4269.058594,748.829285
00:19.00,4276.132324,751.498718
00:19.02,4283.193848,754.267029
00:19.04,4290.185059,757.102356
00:19.05,4297.102051,760.006714
00:19.07,4304.001953,763.010742
00:19.08,4310.883789,766.113647
00:19.10,4317.692871,769.342712
00:19.12,4324.455566,772.686768
00:19.13,4331.169922,776.145569
00:19.15,4337.832520,779.719360
00:19.16,4344.439453,783.408936
00:19.18,4350.986816,787.214600
00:19.20,4357.469727,791.137268
00:19.21,4363.887207,795.176697
00:19.23,4370.185059,799.290161
00:19.24,4376.405273,803.522888
00:19.26,4382.541016,807.875366
00:19.28,4388.587402,812.347107
00:19.29,4394.541504,816.937866
00:19.31,4400.393066,821.647827
00:19.32,4406.140137,826.475525
00:19.34,4411.776367,831.420471
00:19.36,4417.295410,836.481201
00:19.37,4422.690918,841.656311
00:19.39,4427.962891,846.943115
00:19.40,4433.102051,852.339417
00:19.42,4438.108887,857.842590
00:19.44,4442.974609,863.449829
00:19.45,4447.700684,869.158081
00:19.47,4452.284668,874.963684
00:19.48,4456.724609,880.863159
00:19.50,4461.019531,886.852783
00:19.52,4465.168457,892.929077
00:19.53,4469.168945,899.088684
00:19.55,4473.020020,905.327942
00:19.56,4476.721191,911.643311
00:19.58,4480.271484,918.031433
00:19.60,4483.666504,924.487671
00:19.61,4486.904785,931.008545
00:19.63,4489.985352,937.590515
00:19.64,4492.908203,944.229919
00:19.66,4495.667969,950.921753
00:19.68,4498.263672,957.662231
00:19.69,4500.694336,964.447632
00:19.71,4502.954590,971.272034
00:19.72,4505.022461,978.116211
00:19.74,4506.909668,984.985962
00:19.76,4508.613770,991.876343
00:19.77,4510.135742,998.784790
00:19.79,4511.472656,1005.705688
00:19.80,4512.621094,1012.633179
00:19.82,4513.577637,1019.560852
00:19.84,4514.343262,1026.485229
00:19.85,4514.914551,1033.399780
00:19.87,4515.289062,1040.297607
00:19.88,4515.467285,1047.175171
00:19.90,4515.449219,1054.026245
00:19.92,4515.238281,1060.848389
00:19.93,4514.834961,1067.636108
00:19.95,4514.240234,1074.384399
00:19.96,4513.461426,1081.093140
00:19.98,4512.501465,1087.758789
00:20.00,4511.364746,1094.378662
00:20.01,4510.055176,1100.949829
00:20.03,4508.579102,1107.473511
00:20.04,4506.939941,1113.947510
00:20.06,4505.142090,1120.370117
00:20.08,4503.190918,1126.743164
00:20.09,4501.087402,1133.061279
00:20.11,4498.835449,1139.323364
00:20.12,4496.440918,1145.532471
00:20.14,4493.906738,1151.687256
00:20.16,4491.236328,1157.786987
00:20.17,4488.434570,1163.834473
00:20.19,4485.501953,1169.825073
00:20.20,4482.441895,1175.758667
00:20.22,4479.256836,1181.634888
00:20.24,4475.950195,1187.453491
00:20.25,4472.522949,1193.213135
00:20.27,4468.978027,1198.913208
00:20.28,4465.318848,1204.554077
00:20.30,4461.545898,1210.134033
00:20.32,4457.662109,1215.653076
00:20.33,4453.670898,1221.114258
00:20.35,4449.574219,1226.516357
00:20.36,4445.373047,1231.858276
00:20.38,4441.068848,1237.138672
00:20.40,4436.662109,1242.353271
00:20.41,4432.154297,1247.500732
00:20.43,4427.546875,1252.580811
00:20.44,4422.841797,1257.592163
00:20.46,4418.037109,1262.520874
00:20.48,4413.136230,1267.374268
00:20.49,4408.140625,1272.150879
00:20.51,4403.052246,1276.853271
00:20.52,4397.873535,1281.480835
00:20.54,4392.604980,1286.032104
00:20.56,4387.248535,1290.505737
00:20.57,4381.805664,1294.904175
00:20.59,4376.278809,1299.226807
00:20.60,4370.668457,1303.472778
00:20.62,4364.976074,1307.640137
00:20.64,4359.203613,1311.729004
00:20.65,4353.353027,1315.742432
00:20.67,4347.425293,1319.679077
00:20.68,4341.421875,1323.538574
00:20.70,4335.343750,1327.320557
00:20.72,4329.192871,1331.024414
00:20.73,4322.970215,1334.653687
00:20.75,4316.677246,1338.204468
00:20.76,4310.315918,1341.681030
00:20.78,4303.886719,1345.083252
00:20.80,4297.391602,1348.410889
00:20.81,4290.831055,1351.663696
00:20.83,4284.206543,1354.842407
00:20.84,4277.519531,1357.951538
00:20.86,4270.770996,1360.987305
00:20.88,4263.961914,1363.953979
00:20.89,4257.093262,1366.848633
00:20.91,4250.166504,1369.676392
00:20.92,4243.182129,1372.436890
00:20.94,4236.141602,1375.130859
00:20.96,4229.045410,1377.758911
00:20.97,4221.957520,1380.307373
00:20.99,4214.878906,1382.776489
00:21.00,4207.810547,1385.167725
00:21.02,4200.689453,1387.494995
00:21.04,4193.516113,1389.759644
00:21.05,4186.291992,1391.962769
00:21.07,4179.081055,1394.093018
00:21.08,4171.884277,1396.151367
00:21.10,4164.701660,1398.142944
00:21.12,4157.470215,1400.074951
00:21.13,4150.190918,1401.948364
00:21.15,4142.863770,1403.763672
00:21.16,4135.553711,1405.512085
00:21.18,4128.261719,1407.195068
00:21.20,4120.987793,1408.813110
00:21.21,4113.668457,1410.375122
00:21.23,4106.303711,1411.881470
00:21.24,4098.894531,1413.332520
00:21.26,4091.505859,1414.721558
00:21.28,4084.138184,1416.048828
00:21.29,4076.727295,1417.320923
00:21.31,4069.273682,1418.539185
00:21.32,4061.777344,1419.715332
00:21.34,4054.238525,1420.845581
00:21.36,4046.657715,1421.930542
00:21.37,4039.035400,1422.970581
00:21.39,4031.371582,1423.970337
00:21.40,4023.666992,1424.926758
00:21.42,4015.921631,1425.841187
00:21.44,4008.135986,1426.714600
00:21.45,4000.310303,1427.549316
00:21.47,3992.444824,1428.346069
00:21.48,3984.539795,1429.105591
00:21.50,3976.595459,1429.829834
00:21.52,3968.611816,1430.520386
00:21.53,3960.589355,1431.177612
00:21.55,3952.528076,1431.802979
00:21.56,3944.428223,1432.397949
00:21.58,3936.290039,1432.963623
00:21.60,3928.113525,1433.500000
00:21.61,3919.898926,1434.008301
00:21.63,3911.646484,1434.489502
00:21.64,3903.356201,1434.944580
00:21.66,3895.028320,1435.374268
00:21.68,3886.662842,1435.778320
00:21.69,3878.260010,1436.157471
00:21.71,3869.820068,1436.512573
00:21.72,3861.343018,1436.844238
00:21.74,3852.828857,1437.151855
00:21.76,3844.277832,1437.436157
00:21.77,3835.690186,1437.697632
00:21.79,3827.065918,1437.936890
00:21.80,3818.405273,1438.153198
00:21.82,3809.708252,1438.347168
00:21.84,3800.974854,1438.519165
00:21.85,3792.205322,1438.668457
00:21.87,3783.399902,1438.795654
00:21.88,3774.558594,1438.901123
00:21.90,3765.681641,1438.984009
00:21.92,3756.769043,1439.044922
00:21.93,3747.821045,1439.082886
00:21.95,3738.837646,1439.098511
00:21.96,3729.819092,1439.092163
00:21.98,3720.765381,1439.062988
00:22.00,3711.676514,1439.011475
00:22.01,3702.552734,1438.936768
00:22.03,3693.394287,1438.839478
00:22.04,3684.200928,1438.718750
00:22.06,3674.973145,1438.573853
00:22.08,3665.710693,1438.405396
00:22.09,3656.413818,1438.212646
00:22.11,3647.082764,1437.996094
00:22.12,3637.717529,1437.755005
00:22.14,3628.318115,1437.489746
00:22.16,3618.884766,1437.199707
00:22.17,3609.417480,1436.885376
00:22.19,3599.916260,1436.545898
00:22.20,3590.381348,1436.181763
00:22.22,3580.812744,1435.792236
00:22.24,3571.210693,1435.377808
00:22.25,3561.574463,1434.946655
00:22.27,3551.903809,1434.498657
00:22.28,3542.199219,1434.033691
00:22.30,3532.460449,1433.552856
00:22.32,3522.687256,1433.056885
00:22.33,3512.879883,1432.546631
00:22.35,3503.038330,1432.022827
00:22.36,3493.162354,1431.487305
00:22.38,3483.251953,1430.941650
00:22.40,3473.307129,1430.387451
00:22.41,3463.327881,1429.826172
00:22.43,3453.313965,1429.259155
00:22.44,3443.265381,1428.688843
00:22.46,3433.182129,1428.117432
00:22.48,3423.064209,1427.541382
00:22.49,3412.911621,1426.967651
00:22.51,3402.724121,1426.396851
00:22.52,3392.501953,1425.830933
00:22.54,3382.244873,1425.271606
00:22.56,3371.953125,1424.720581
00:22.57,3361.626709,1424.179443
00:22.59,3351.265625,1423.649658
00:22.60,3340.869873,1423.131470
00:22.62,3330.439453,1422.626343
00:22.64,3319.974609,1422.135742
00:22.65,3309.475586,1421.661865
00:22.67,3298.942139,1421.204834
00:22.68,3288.374756,1420.766846
00:22.70,3277.773193,1420.348999
00:22.72,3267.137939,1419.951050
00:22.73,3256.468750,1419.574097
00:22.75,3245.766113,1419.219116
00:22.76,3235.030029,1418.887085
00:22.78,3224.260498,1418.578857
00:22.80,3213.458008,1418.295166
00:22.81,3202.622559,1418.036865
00:22.83,3191.754150,1417.804688
00:22.84,3180.853271,1417.599487
00:22.86,3169.919922,1417.421875
00:22.88,3158.954346,1417.272461
00:22.89,3147.956543,1417.151978
00:22.91,3136.927002,1417.061157
00:22.92,3125.865723,1416.999268
00:22.94,3114.772705,1416.967163
00:22.96,3103.648438,1416.965332
00:22.97,3092.492920,1416.994385
00:22.99,3081.306152,1417.053711
00:23.00,3070.088623,1417.143921
00:23.02,3058.840088,1417.265625
00:23.04,3047.560791,1417.418091
00:23.05,3036.250977,1417.601807
00:23.07,3024.910645,1417.817383
00:23.08,3013.540039,1418.064209
00:23.10,3002.139160,1418.342896
00:23.12,2990.708008,1418.652710
00:23.13,2979.246826,1418.994385
00:23.15,2967.755615,1419.367188
00:23.16,2956.234619,1419.771851
00:23.18,2944.683105,1420.199951
00:23.20,2933.100830,1420.651367
00:23.21,2921.487793,1421.124878
00:23.23,2909.844238,1421.620605
00:23.24,2898.169922,1422.137329
00:23.26,2886.465088,1422.674194
00:23.28,2874.729248,1423.229004
00:23.29,2862.962646,1423.799927
00:23.31,2851.164795,1424.385132
00:23.32,2839.335938,1424.982910
00:23.34,2827.475830,1425.591675
00:23.36,2815.584229,1426.208862
00:23.37,2803.661377,1426.833008
00:23.39,2791.706787,1427.461670
00:23.40,2779.720703,1428.092651
00:23.42,2767.702881,1428.723755
00:23.44,2755.653320,1429.352905
00:23.45,2743.572021,1429.978149
00:23.47,2731.458984,1430.596558
00:23.48,2719.314209,1431.206421
00:23.50,2707.137939,1431.806030
00:23.52,2694.929932,1432.393799
00:23.53,2682.690430,1432.967163
00:23.55,2670.419434,1433.524658
00:23.56,2658.116943,1434.063965
00:23.58,2645.783203,1434.583862
00:23.60,2633.418457,1435.083130
00:23.61,2621.022705,1435.559570
00:23.63,2608.596191,1436.012207
00:23.64,2596.138916,1436.439941
00:23.66,2583.651123,1436.841919
00:23.68,2571.133057,1437.216064
00:23.69,2558.584961,1437.561646
00:23.71,2546.006836,1437.877808
00:23.72,2533.398926,1438.163818
00:23.74,2520.761475,1438.418945
00:23.76,2508.094727,1438.642334
00:23.77,2495.398926,1438.833374
00:23.79,2482.674072,1438.991455
00:23.80,2469.920410,1439.115845
00:23.82,2457.138428,1439.205933
00:23.84,2444.328125,1439.261108
00:23.85,2431.489502,1439.280884
00:23.87,2418.623047,1439.264648
00:23.88,2405.729004,1439.211792
00:23.90,2392.807373,1439.121948
00:23.92,2379.857422,1439.005005
00:23.93,2366.879150,1438.859863
00:23.95,2353.872803,1438.686768
00:23.96,2340.838135,1438.487061
00:23.98,2327.775146,1438.262085
00:24.00,2314.683838,1438.012817
00:24.01,2301.564209,1437.740479
00:24.03,2288.416260,1437.447144
00:24.04,2275.239746,1437.134888
00:24.06,2262.034424,1436.806763
00:24.08,2248.800293,1436.464355
00:24.09,2235.537354,1436.110596
00:24.11,2222.245605,1435.746948
00:24.12,2208.925049,1435.371460
00:24.14,2195.575439,1434.991333
00:24.16,2182.196533,1434.608887
00:24.17,2168.788574,1434.226318
00:24.19,2155.351562,1433.846924
00:24.20,2141.885254,1433.472656
00:24.22,2128.389893,1433.105347
00:24.24,2114.865723,1432.747925
00:24.25,2101.312500,1432.402100
00:24.27,2087.730469,1432.069458
00:24.28,2074.119629,1431.752808
00:24.30,2060.480225,1431.453369
00:24.32,2046.812500,1431.173706
00:24.33,2033.116455,1430.915161
00:24.35,2019.392456,1430.680054
00:24.36,2005.640503,1430.469482
00:24.38,1991.860962,1430.285645
00:24.40,1978.053955,1430.129517
00:24.41,1964.219727,1430.003296
00:24.43,1950.358521,1429.907715
00:24.44,1936.470581,1429.843750
00:24.46,1922.556152,1429.813232
00:24.48,1908.615479,1429.817017
00:24.49,1894.648804,1429.855713
00:24.51,1880.656250,1429.930054
00:24.52,1866.638062,1430.040649
00:24.54,1852.594482,1430.189209
00:24.56,1838.525757,1430.376221
00:24.57,1824.432007,1430.602051
00:24.59,1810.313354,1430.866211
00:24.60,1796.169922,1431.169189
00:24.62,1782.001953,1431.511597
00:24.64,1767.809692,1431.893799
00:24.65,1753.593262,1432.316284
00:24.67,1739.352783,1432.779541
00:24.68,1725.088379,1433.282837
00:24.70,1710.800293,1433.826782
00:24.72,1696.488647,1434.411743
00:24.73,1682.153442,1435.036987
00:24.75,1667.794922,1435.703125
00:24.76,1653.413086,1436.409546
00:24.78,1639.008179,1437.156738
00:24.80,1624.580322,1437.944092
00:24.81,1610.129517,1438.772095
00:24.83,1595.656006,1439.640137
00:24.84,1581.159912,1440.548828
00:24.86,1566.641235,1441.497559
00:24.88,1552.099976,1442.485840
00:24.89,1537.536377,1443.514282
00:24.91,1522.950439,1444.582275
00:24.92,1508.340942,1445.681641
00:24.94,1493.707764,1446.812256
00:24.96,1479.050903,1447.972900
00:24.97,1464.370117,1449.162476
00:24.99,1449.665405,1450.379883
00:25.00,1434.937256,1451.584595
00:25.02,1420.183472,1452.791382
00:25.04,1405.403931,1453.997070
00:25.05,1390.598267,1455.196411
00:25.07,1375.766235,1456.383423
00:25.08,1360.908325,1457.547852
00:25.10,1346.024048,1458.686523
00:25.12,1331.114380,1459.787720
00:25.13,1316.179932,1460.842285
00:25.15,1301.221924,1461.841553
00:25.16,1286.241699,1462.776001
00:25.18,1271.241333,1463.635498
00:25.20,1256.223145,1464.410278
00:25.21,1241.529663,1465.079224
00:25.23,1227.166138,1465.632202
00:25.24,1213.134888,1466.066162
00:25.26,1199.442627,1466.371704
00:25.28,1186.096680,1466.540405
00:25.29,1173.101074,1466.569336
00:25.31,1160.443481,1466.482544
00:25.32,1148.134399,1466.265259
00:25.34,1136.174683,1465.920898
00:25.36,1124.565918,1465.450928
00:25.37,1113.308716,1464.857300
00:25.39,1102.402710,1464.144287
00:25.40,1091.847534,1463.316406
00:25.42,1081.641968,1462.379150
00:25.44,1071.784302,1461.338989
00:25.45,1062.275391,1460.199097
00:25.47,1053.109863,1458.970703
00:25.48,1044.287476,1457.658691
00:25.50,1035.802612,1456.273804
00:25.52,1027.654907,1454.820923
00:25.53,1019.518799,1453.242188
00:25.55,1011.395325,1451.540039
00:25.56,1003.340942,1449.745972
00:25.58,995.357605,1447.860229
00:25.60,987.444946,1445.885620
00:25.61,979.602051,1443.825684
00:25.63,971.828125,1441.683716
00:25.64,964.122925,1439.461792
00:25.66,956.489075,1437.159180
00:25.68,948.923340,1434.781372
00:25.69,941.428955,1432.326538
00:25.71,934.002686,1429.800049
00:25.72,926.647827,1427.200073
00:25.74,919.364624,1424.528076
00:25.76,912.153320,1421.785522
00:25.77,905.037964,1418.956177
00:25.79,898.008667,1416.048218
00:25.80,891.063110,1413.065063
00:25.82,884.203491,1410.006226
00:25.84,877.431519,1406.872437
00:25.85,870.695068,1403.628174
00:25.87,863.997375,1400.272461
00:25.88,857.341797,1396.804565
00:25.90,850.731567,1393.224243
00:25.92,844.166321,1389.532959
00:25.93,837.650208,1385.729492
00:25.95,831.186584,1381.813843
00:25.96,824.779541,1377.785278
00:25.98,818.432312,1373.643921
00:26.00,812.145264,1369.390991
00:26.01,805.921631,1365.026855
00:26.03,799.765625,1360.551025
00:26.04,793.725037,1356.011475
00:26.06,787.802612,1351.408936
00:26.08,781.958435,1346.695557
00:26.09,776.195496,1341.872314
00:26.11,770.516907,1336.940186
00:26.12,764.921509,1331.901489
00:26.14,759.411499,1326.757568
00:26.16,753.989929,1321.509399
00:26.17,748.658447,1316.158813
00:26.19,743.418579,1310.707642
00:26.20,738.270874,1305.157959
00:26.22,733.216614,1299.511353
00:26.24,728.255676,1293.770264
00:26.25,723.388184,1287.936768
00:26.27,718.613281,1282.013306
00:26.28,713.931458,1276.001587
00:26.30,709.343201,1269.903564
00:26.32,704.877014,1263.779419
00:26.33,700.532532,1257.630981
00:26.35,696.282837,1251.401123
00:26.36,692.127563,1245.091797
00:26.38,688.082886,1238.705200
00:26.40,684.144714,1232.243042
00:26.41,680.309204,1225.707031
00:26.43,676.576904,1219.098877
00:26.44,672.949463,1212.420166
00:26.46,669.449158,1205.734253
00:26.48,666.077148,1199.042969
00:26.49,662.815857,1192.286011
00:26.51,659.666626,1185.465332
00:26.52,656.631836,1178.582886
00:26.54,653.712646,1171.640625
00:26.56,650.911377,1164.640625
00:26.57,648.229187,1157.584961
00:26.59,645.668274,1150.475830
00:26.60,643.230835,1143.315430
00:26.62,640.918884,1136.106201
00:26.64,638.734436,1128.850464
00:26.65,636.679382,1121.550781
00:26.67,634.755676,1114.209595
00:26.68,632.966125,1106.829590
00:26.70,631.316284,1099.415405
00:26.72,629.808594,1091.969971
00:26.73,628.444275,1084.496216
00:26.75,627.229492,1076.999390
00:26.76,626.167175,1069.483276
00:26.78,625.258911,1061.951416
00:26.80,624.527649,1054.424805
00:26.81,623.966064,1046.898926
00:26.83,623.577698,1039.379028
00:26.84,623.363220,1031.868042
00:26.86,623.324707,1024.371338
00:26.88,623.461487,1016.891602
00:26.89,623.778381,1009.437683
00:26.91,624.273682,1002.011475
00:26.92,624.945679,994.615356
00:26.94,625.795410,987.257080
00:26.96,626.819641,979.937927
00:26.97,628.017761,972.662903
00:26.99,629.387207,965.435669
00:27.00,630.924438,958.256958
00:27.02,632.628357,951.131104
00:27.04,634.496948,944.061768
00:27.05,636.527588,937.051880
00:27.07,638.716614,930.101501
00:27.08,641.063782,923.217285
00:27.10,643.566833,916.402161
00:27.12,646.220947,909.654602
00:27.13,649.024414,902.977783
00:27.15,651.974731,896.374023
00:27.16,655.068787,889.844849
00:27.18,658.302917,883.388916
00:27.20,661.676147,877.011780
00:27.21,665.185913,870.715088
00:27.23,668.829773,864.500610
00:27.24,672.605286,858.370056
00:27.26,676.510132,852.325256
00:27.28,680.542114,846.368042
00:27.29,684.698914,840.500366
00:27.31,688.978394,834.724121
00:27.32,693.376770,829.036255
00:27.34,697.893372,823.443115
00:27.36,702.525513,817.945801
00:27.37,707.271362,812.546448
00:27.39,712.128418,807.246216
00:27.40,717.094788,802.047363
00:27.42,722.168152,796.951477
00:27.44,727.346619,791.964111
00:27.45,732.627686,787.086243
00:27.47,738.008911,782.318848
00:27.48,743.487610,777.666626
00:27.50,749.060974,773.129761
00:27.52,754.724487,768.684875
00:27.53,760.476685,764.336853
00:27.55,766.315979,760.090576
00:27.56,772.239868,755.942566
00:27.58,778.246460,751.893738
00:27.60,784.333618,747.944031
00:27.61,790.499146,744.092529
00:27.63,796.740967,740.338501
00:27.64,803.057495,736.682495
00:27.66,809.446472,733.122925
00:27.68,815.906189,729.655518
00:27.69,822.434875,726.279297
00:27.71,829.030945,722.993469
00:27.72,835.692627,719.800476
00:27.74,842.418518,716.695679
00:27.76,849.207092,713.677673
00:27.77,856.057007,710.745361
00:27.79,862.966858,707.897705
00:27.80,869.935425,705.133911
00:27.82,876.961487,702.453247
00:27.84,884.044006,699.850952
00:27.85,891.181702,697.329895
00:27.87,898.309998,694.897583
00:27.88,905.427856,692.557129
00:27.90,912.598267,690.291260
00:27.92,919.820129,688.103271
00:27.93,927.092712,685.987976
00:27.95,934.350769,683.959106
00:27.96,941.593445,682.015808
00:27.98,948.819885,680.156250
00:28.00,956.093750,678.370972
00:28.01,963.414185,676.659363
00:28.03,970.780334,675.020752
00:28.04,978.126892,673.461731
00:28.06,985.453125,671.981689
00:28.08,992.822998,670.574219
00:28.09,1000.235718,669.240051
00:28.11,1007.689697,667.982849
00:28.12,1015.120117,666.801880
00:28.14,1022.525452,665.701965
00:28.16,1029.905762,664.678040
00:28.17,1037.325195,663.728516
00:28.19,1044.781982,662.858215
00:28.20,1052.275146,662.067566
00:28.22,1059.802490,661.361145
00:28.24,1067.364258,660.734863
00:28.25,1074.959351,660.190308
00:28.27,1082.591553,659.702515
00:28.28,1090.260254,659.272461
00:28.30,1097.964844,658.901123
00:28.32,1105.705322,658.583862
00:28.33,1113.480835,658.324402
00:28.35,1121.291748,658.116089
00:28.36,1129.137939,657.956177
00:28.38,1137.019531,657.841064
00:28.40,1144.936646,657.767517
00:28.41,1152.889282,657.732544
00:28.43,1160.877808,657.731018
00:28.44,1168.902344,657.759521
00:28.46,1176.963257,657.812317
00:28.48,1185.060669,657.885620
00:28.49,1193.194824,657.974609
00:28.51,1201.365845,658.074890
00:28.52,1209.573853,658.187012
00:28.54,1217.818970,658.302307
00:28.56,1226.101074,658.417419
00:28.57,1234.420288,658.532471
00:28.59,1242.776611,658.644348
00:28.60,1251.169922,658.748901
00:28.62,1259.600220,658.843506
00:28.64,1268.067261,658.925659
00:28.65,1276.570923,658.992920
00:28.67,1285.111084,659.047668
00:28.68,1293.687500,659.084167
00:28.70,1302.300049,659.100281
00:28.72,1310.948486,659.095337
00:28.73,1319.632568,659.067444
00:28.75,1328.352173,659.016052
00:28.76,1337.107178,658.940552
00:28.78,1345.897339,658.840393
00:28.80,1354.722656,658.715088
00:28.81,1363.582886,658.562988
00:28.83,1372.477905,658.384949
00:28.84,1381.407715,658.180420
00:28.86,1390.372070,657.948914
00:28.88,1399.370850,657.690063
00:28.89,1408.403809,657.403442
00:28.91,1417.470947,657.088684
00:28.92,1426.572266,656.746582
00:28.94,1435.707520,656.376587
00:28.96,1444.876587,655.978271
00:28.97,1454.079346,655.552368
00:28.99,1463.315796,655.098328
00:29.00,1472.585693,654.615723
00:29.02,1481.889038,654.105286
00:29.04,1491.225708,653.566406
00:29.05,1500.595581,652.999817
00:29.07,1509.998657,652.404907
00:29.08,1519.434814,651.782288
00:29.10,1528.903809,651.131409
00:29.12,1538.405762,650.452820
00:29.13,1547.940430,649.745972
00:29.15,1557.507812,649.011414
00:29.16,1567.107666,648.248474
00:29.18,1576.739990,647.457764
00:29.20,1586.404663,646.638550
00:29.21,1596.101562,645.791443
00:29.23,1605.830566,644.915771
00:29.24,1615.591675,644.012085
00:29.26,1625.384644,643.079712
00:29.28,1635.209473,642.119141
00:29.29,1645.065918,641.129700
00:29.31,1654.953979,640.111877
00:29.32,1664.873413,639.065002
00:29.34,1674.826294,638.028687
00:29.36,1684.812744,636.980408
00:29.37,1694.833374,635.926147
00:29.39,1704.888062,634.867126
00:29.40,1714.977295,633.806641
00:29.42,1725.101318,632.747742
00:29.44,1735.260376,631.694336
00:29.45,1745.454590,630.650146
00:29.47,1755.684326,629.615356
00:29.48,1765.949585,628.594543
00:29.50,1776.250488,627.591980
00:29.52,1786.587036,626.611755
00:29.53,1796.959229,625.658813
00:29.55,1807.366821,624.737915
00:29.56,1817.809692,623.847900
00:29.58,1828.287354,622.997803
00:29.60,1838.799683,622.187317
00:29.61,1849.346191,621.420532
00:29.63,1859.926392,620.700195
00:29.64,1870.540283,620.024658
00:29.66,1881.186768,619.401245
00:29.68,1891.865967,618.827942
00:29.69,1902.576538,618.311768
00:29.71,1913.318604,617.849487
00:29.72,1924.091675,617.442505
00:29.74,1934.895264,617.092102
00:29.76,1945.728760,616.799622
00:29.77,1956.591797,616.565125
00:29.79,1967.484741,616.384338
00:29.80,1978.406372,616.262207
00:29.82,1989.356567,616.197754
00:29.84,2000.334839,616.191223
00:29.85,2011.341064,616.241699
00:29.87,2022.375000,616.348267
00:29.88,2033.436646,616.510010
00:29.90,2044.526123,616.724915
00:29.92,2055.643311,616.992249
00:29.93,2066.788086,617.310242
00:29.95,2077.960693,617.678345
00:29.96,2089.160889,618.094910
00:29.98,2100.388672,618.559631
00:30.00,2111.644287,619.070923
00:30.01,2122.928467,619.623108
00:30.03,2134.240234,620.219543
00:30.04,2145.579834,620.859070
00:30.06,2156.947266,621.540527
00:30.08,2168.342529,622.262939
00:30.09,2179.765869,623.024170
00:30.11,2191.217285,623.823486
00:30.12,2202.697021,624.660095
00:30.14,2214.203857,625.537537
00:30.16,2225.737793,626.454956
00:30.17,2237.299805,627.408203
00:30.19,2248.888916,628.400940
00:30.20,2260.504883,629.433411
00:30.22,2272.147705,630.504761
00:30.24,2283.817139,631.615356
00:30.25,2295.512939,632.765381
00:30.27,2307.233643,633.960388
00:30.28,2318.980469,635.196167
00:30.30,2330.752686,636.473938
00:30.32,2342.550049,637.794861
00:30.33,2354.375244,639.146240
00:30.35,2366.227783,640.529968
00:30.36,2378.107422,641.946594
00:30.38,2390.014404,643.395691
00:30.40,2401.948486,644.876892
00:30.41,2413.910400,646.385620
00:30.43,2425.900391,647.920654
00:30.44,2437.918701,649.479858
00:30.46,2449.965820,651.061279
00:30.48,2462.041748,652.663025
00:30.49,2474.147217,654.282227
00:30.51,2486.281982,655.920532
00:30.52,2498.446289,657.575195
00:30.54,2510.641357,659.238220
00:30.56,2522.867676,660.906372
00:30.57,2535.125244,662.577576
00:30.59,2547.414307,664.251953
00:30.60,2559.735596,665.922241
00:30.62,2572.089111,667.585693
00:30.64,2584.475098,669.242920
00:30.65,2596.893799,670.887024
00:30.67,2609.345215,672.518921
00:30.68,2621.829590,674.135132
00:30.70,2634.346924,675.733521
00:30.72,2646.897461,677.310852
00:30.73,2659.480957,678.865112
00:30.75,2672.097412,680.394409
00:30.76,2684.746826,681.896790
00:30.78,2697.428955,683.370544
00:30.80,2710.143799,684.813904
00:30.81,2722.891113,686.225159
00:30.83,2735.670898,687.602783
00:30.84,2748.482666,688.945190
00:30.86,2761.326660,690.251953
00:30.88,2774.202393,691.521606
00:30.89,2787.109619,692.753784
00:30.91,2800.048096,693.943726
00:30.92,2813.017334,695.090149
00:30.94,2826.017090,696.192993
00:30.96,2839.047363,697.250977
00:30.97,2852.106934,698.258545
00:30.99,2865.195801,699.214783
00:31.00,2878.313232,700.118774
00:31.02,2891.459229,700.969666
00:31.04,2904.633057,701.765442
00:31.05,2917.834473,702.504272
00:31.07,2931.062744,703.184387
00:31.08,2944.317139,703.802979
00:31.10,2957.597168,704.358521
00:31.12,2970.902100,704.848328
00:31.13,2984.230957,705.269836
00:31.15,2997.583008,705.621826
00:31.16,3010.957764,705.901794
00:31.18,3024.354004,706.107483
00:31.20,3037.770508,706.235535
00:31.21,3051.210693,706.301758
00:31.23,3064.674561,706.309082
00:31.24,3078.160645,706.251343
00:31.26,3091.668945,706.129211
00:31.28,3105.199951,705.946777
00:31.29,3118.753418,705.705933
00:31.31,3132.328857,705.403687
00:31.32,3145.926514,705.042908
00:31.34,3159.547852,704.631714
00:31.36,3173.193115,704.173401
00:31.37,3186.861816,703.666565
00:31.39,3200.554688,703.115540
00:31.40,3214.272461,702.524292
00:31.42,3228.016113,701.902222
00:31.44,3241.785889,701.252686
00:31.45,3255.582520,700.581116
00:31.47,3269.406006,699.887146
00:31.48,3283.256836,699.175903
00:31.50,3297.135254,698.451233
00:31.52,3311.041016,697.713501
00:31.53,3324.975098,696.971863
00:31.55,3338.937500,696.229614
00:31.56,3352.928467,695.490967
00:31.58,3366.947754,694.758911
00:31.60,3380.995605,694.037415
00:31.61,3395.072021,693.330261
00:31.63,3409.176758,692.639954
00:31.64,3423.309814,691.968994
00:31.66,3437.471191,691.320801
00:31.68,3451.660400,690.697632
00:31.69,3465.877441,690.101562
00:31.71,3480.122070,689.535828
00:31.72,3494.393799,689.002258
00:31.74,3508.692627,688.502808
00:31.76,3523.018066,688.039246
00:31.77,3537.369873,687.613342
00:31.79,3551.748047,687.225647
00:31.80,3566.152100,686.877930
00:31.82,3580.581543,686.571716
00:31.84,3595.036377,686.307495
00:31.85,3609.516357,686.085693
00:31.87,3624.020996,685.907959
00:31.88,3638.550049,685.774536
00:31.90,3653.103516,685.685913
00:31.92,3667.681885,685.633362
00:31.93,3682.285156,685.617615
00:31.95,3696.913330,685.638184
00:31.96,3711.566162,685.694763
00:31.98,3726.243652,685.785767
00:32.00,3740.946045,685.909729
00:32.01,3755.673340,686.065369
00:32.03,3770.425537,686.250183
00:32.04,3785.202881,686.461914
00:32.06,3800.001953,686.720825
00:32.08,3814.825439,687.010559
00:32.09,3829.673584,687.329956
00:32.11,3844.545654,687.682251
00:32.12,3859.441895,688.066162
00:32.14,3874.019043,688.469360
00:32.16,3888.277832,688.891296
00:32.17,3902.219238,689.331238
00:32.19,3915.843994,689.788452
00:32.20,3929.152832,690.262207
00:32.22,3942.146484,690.752686
00:32.24,3954.824951,691.264404
00:32.25,3967.189697,691.792603
00:32.27,3979.240479,692.341553
00:32.28,3990.978271,692.910706
00:32.30,4002.403564,693.500488
00:32.32,4013.516846,694.111084
00:32.33,4024.319092,694.742493
00:32.35,4034.810791,695.394592
00:32.36,4044.992676,696.067017
00:32.38,4054.865234,696.760376
00:32.40,4064.428223,697.478088
00:32.41,4073.682129,698.219910
00:32.43,4082.628906,698.981079
00:32.44,4091.268311,699.764343
00:32.46,4099.600586,700.569946
00:32.48,4107.626953,701.396423
00:32.49,4115.602539,702.296753
00:32.51,4123.535645,703.254883
00:32.52,4131.423340,704.276550
00:32.54,4139.265137,705.362915
00:32.56,4147.059082,706.515991
00:32.57,4154.803711,707.737427
00:32.59,4162.499512,709.025940
00:32.60,4170.142090,710.388367
00:32.62,4177.729492,711.826111
00:32.64,4185.261230,713.338928
00:32.65,4192.735352,714.928833
00:32.67,4200.149414,716.597534
00:32.68,4207.500977,718.346558
00:32.70,4214.787598,720.178101
00:32.72,4222.006836,722.092834
00:32.73,4229.215332,724.117737
00:32.75,4236.411133,726.253540
00:32.76,4243.594238,728.498047
00:32.78,4250.761719,730.853210
00:32.80,4257.911133,733.319702
00:32.81,4265.040527,735.897278
00:32.83,4272.090332,738.555298
00:32.84,4279.058594,741.294006
00:32.86,4285.999512,744.145935
00:32.88,4292.910645,747.110657
00:32.89,4299.787598,750.190186
00:32.91,4306.631348,753.381531
00:32.92,4313.439941,756.684998
00:32.94,4320.210938,760.099976
00:32.96,4326.939941,763.627441
00:32.97,4333.573242,767.228271
00:32.99,4340.054199,770.916809
00:33.00,4346.459961,774.727722
00:33.02,4352.787109,778.660339
00:33.04,4359.031738,782.714294
00:33.05,4365.188965,786.889587
00:33.07,4371.252930,791.186218
00:33.08,4377.221191,795.603638
00:33.10,4383.082520,800.142090
00:33.12,4388.833496,804.800781
00:33.13,4394.467285,809.578979
00:33.15,4399.976074,814.475342
00:33.16,4405.355957,819.488586
00:33.18,4410.600098,824.616455
00:33.20,4415.702148,829.856384
00:33.21,4420.656250,835.205200
00:33.23,4425.459961,840.660339
00:33.24,4430.107910,846.218323
00:33.26,4434.592285,851.874084
00:33.28,4438.914551,857.623779
00:33.29,4443.070801,863.463135
00:33.31,4447.062988,869.388428
00:33.32,4450.883789,875.394104
00:33.34,4454.535156,881.476685
00:33.36,4458.011719,887.630249
00:33.37,4461.315918,893.851562
00:33.39,4464.446289,900.136169
00:33.40,4467.396973,906.477844
00:33.42,4470.171875,912.873657
00:33.44,4472.765625,919.317322
00:33.45,4475.177734,925.804199
00:33.47,4477.411621,932.331848
00:33.48,4479.461914,938.893494
00:33.50,4481.328613,945.484497
00:33.52,4483.011230,952.100220
00:33.53,4484.509277,958.736145
00:33.55,4485.817871,965.384705
00:33.56,4486.940918,972.043762
00:33.58,4487.880371,978.710999
00:33.60,4488.636230,985.381531
00:33.61,4489.207031,992.050293
00:33.63,4489.592773,998.712280
00:33.64,4489.795898,1005.365295
00:33.66,4489.817871,1012.005066
00:33.68,4489.660645,1018.627686
00:33.69,4489.326660,1025.229980
00:33.71,4488.817383,1031.808716
00:33.72,4488.140625,1038.364502
00:33.74,4487.300781,1044.895508
00:33.76,4486.301758,1051.399902
00:33.77,4485.150879,1057.879395
00:33.79,4483.848633,1064.329468
00:33.80,4482.398438,1070.748779
00:33.82,4480.805664,1077.139160
00:33.84,4479.074219,1083.499512
00:33.85,4477.207031,1089.828857
00:33.87,4475.206543,1096.125977
00:33.88,4473.076172,1102.390503
00:33.90,4470.818359,1108.621704
00:33.92,4468.435059,1114.818359
00:33.93,4465.928711,1120.979614
00:33.95,4463.301758,1127.104736
00:33.96,4460.556152,1133.192871
00:33.98,4457.693359,1139.243042
00:34.00,4454.715332,1145.254150
00:34.01,4451.623535,1151.225220
00:34.03,4448.419434,1157.155151
00:34.04,4445.102539,1163.039062
00:34.06,4441.675781,1168.878784
00:34.08,4438.140137,1174.672974
00:34.09,4434.497070,1180.420288
00:34.11,4430.747559,1186.119507
00:34.12,4426.890625,1191.764526
00:34.14,4422.925781,1197.350220
00:34.16,4418.855957,1202.878540
00:34.17,4414.681641,1208.347290
00:34.19,4410.404785,1213.758179
00:34.20,4406.026855,1219.108887
00:34.22,4401.547852,1224.396973
00:34.24,4396.968750,1229.619995
00:34.25,4392.290039,1234.774780
00:34.27,4387.514160,1239.863037
00:34.28,4382.642090,1244.883301
00:34.30,4377.674805,1249.833618
00:34.32,4372.613281,1254.711914
00:34.33,4367.460449,1259.521240
00:34.35,4362.217285,1264.260498
00:34.36,4356.885254,1268.928833
00:34.38,4351.466309,1273.526245
00:34.40,4345.963379,1278.056763
00:34.41,4340.375977,1282.515869
00:34.43,4334.707031,1286.907349
00:34.44,4328.958008,1291.231567
00:34.46,4323.130859,1295.489746
00:34.48,4317.226562,1299.681885
00:34.49,4311.247070,1303.808838
00:34.51,4305.193359,1307.870361
00:34.52,4299.066406,1311.867188
00:34.54,4292.868652,1315.803833
00:34.56,4286.601562,1319.681396
00:34.57,4280.265137,1323.496826
00:34.59,4273.861816,1327.254272
00:34.60,4267.391602,1330.950439
00:34.62,4260.855957,1334.590210
00:34.64,4254.255371,1338.170166
00:34.65,4247.592285,1341.695923
00:34.67,4240.866699,1345.167603
00:34.68,4234.140625,1348.562378
00:34.70,4227.415039,1351.881348
00:34.72,4220.689941,1355.124634
00:34.73,4213.905273,1358.314941
00:34.75,4207.062012,1361.453369
00:34.76,4200.161133,1364.540649
00:34.78,4193.264648,1367.556274
00:34.80,4186.373535,1370.500977
00:34.81,4179.488281,1373.375488
00:34.83,4172.547363,1376.199585
00:34.84,4165.551270,1378.973755
00:34.86,4158.500977,1381.699707
00:34.88,4151.459473,1384.355713
00:34.89,4144.426758,1386.941528
00:34.91,4137.404297,1389.462158
00:34.92,4130.329102,1391.930176
00:34.94,4123.202148,1394.350220
00:34.96,4116.023438,1396.717407
00:34.97,4108.857422,1399.017334
00:34.99,4101.704102,1401.249512
00:35.00,4094.563721,1403.409668
00:35.02,4087.373535,1405.515137
00:35.04,4080.134277,1407.561279
00:35.05,4072.846436,1409.546753
00:35.07,4065.510742,1411.471558
00:35.08,4058.127930,1413.355347
00:35.10,4050.697754,1415.184082
00:35.12,4043.220703,1416.960327
00:35.13,4035.697266,1418.684204
00:35.15,4028.128174,1420.354858
00:35.16,4020.513672,1421.972412
00:35.18,4012.854248,1423.541138
00:35.20,4005.150635,1425.056641
00:35.21,3997.403076,1426.523071
00:35.23,3989.611816,1427.941284
00:35.24,3981.777588,1429.311890
00:35.26,3973.900635,1430.636475
00:35.28,3965.981201,1431.915405
00:35.29,3958.020020,1433.150269
00:35.31,3950.017090,1434.346436
00:35.32,3941.972900,1435.500610
00:35.34,3933.887695,1436.613892
00:35.36,3925.761719,1437.688232
00:35.37,3917.595459,1438.725586
00:35.39,3909.388916,1439.726562
00:35.40,3901.142578,1440.692871
00:35.42,3892.856445,1441.625977
00:35.44,3884.531006,1442.527344
00:35.45,3876.166260,1443.397095
00:35.47,3867.762451,1444.236694
00:35.48,3859.319824,1445.047241
00:35.50,3850.838379,1445.829834
00:35.52,3842.318604,1446.585327
00:35.53,3833.760498,1447.314819
00:35.55,3825.164062,1448.019043
00:35.56,3816.529541,1448.698730
00:35.58,3807.857178,1449.354736
00:35.60,3799.147217,1449.986450
00:35.61,3790.399658,1450.594604
00:35.63,3781.614502,1451.179932
00:35.64,3772.791992,1451.742798
00:35.66,3763.932373,1452.283813
00:35.68,3755.035645,1452.802368
00:35.69,3746.102051,1453.298950
00:35.71,3737.131592,1453.774048
00:35.72,3728.124268,1454.228027
00:35.74,3719.080566,1454.660156
00:35.76,3710.000244,1455.070923
00:35.77,3700.883545,1455.460693
00:35.79,3691.730713,1455.828613
00:35.80,3682.541748,1456.175171
00:35.82,3673.316895,1456.499512
00:35.84,3664.056152,1456.802124
00:35.85,3654.759766,1457.082153
00:35.87,3645.427979,1457.340088
00:35.88,3636.060547,1457.576294
00:35.90,3626.657959,1457.789917
00:35.92,3617.220215,1457.981445
00:35.93,3607.747314,1458.149902
00:35.95,3598.239502,1458.295776
00:35.96,3588.697021,1458.418213
00:35.98,3579.119873,1458.516479
00:36.00,3569.508301,1458.591064
00:36.01,3559.862305,1458.641235
00:36.03,3550.182129,1458.667358
00:36.04,3540.468018,1458.668701
00:36.06,3530.719971,1458.645752
00:36.08,3520.937988,1458.597656
00:36.09,3511.122314,1458.525024
00:36.11,3501.272949,1458.427002
00:36.12,3491.390137,1458.303101
00:36.14,3481.473877,1458.153687
00:36.16,3471.524414,1457.978149
00:36.17,3461.541748,1457.776978
00:36.19,3451.526123,1457.549438
00:36.20,3441.477539,1457.296143
00:36.22,3431.395996,1457.016235
00:36.24,3421.281738,1456.710205
00:36.25,3411.134766,1456.377441
00:36.27,3400.955322,1456.017212
00:36.28,3390.743408,1455.630127
00:36.30,3380.499268,1455.215332
00:36.32,3370.221924,1454.782349
00:36.33,3359.911377,1454.331177
00:36.35,3349.567871,1453.861572
00:36.36,3339.191406,1453.373413
00:36.38,3328.781738,1452.867798
00:36.40,3318.339111,1452.345581
00:36.41,3307.863281,1451.808838
00:36.43,3297.354248,1451.259277
00:36.44,3286.812012,1450.697388
00:36.46,3276.236328,1450.126099
00:36.48,3265.627197,1449.546753
00:36.49,3254.984375,1448.965210
00:36.51,3244.307861,1448.383789
00:36.52,3233.597412,1447.804443
00:36.54,3222.853271,1447.224731
00:36.56,3212.075195,1446.652222
00:36.57,3201.263428,1446.088501
00:36.59,3190.417725,1445.536255
00:36.60,3179.538330,1444.993652
00:36.62,3168.625244,1444.467651
00:36.64,3157.678711,1443.960571
00:36.65,3146.698730,1443.474487
00:36.67,3135.685547,1443.012573
00:36.68,3124.639404,1442.576660
00:36.70,3113.560547,1442.169800
00:36.72,3102.449219,1441.794678
00:36.73,3091.305664,1441.452637
00:36.75,3080.130371,1441.146484
00:36.76,3068.923828,1440.878540
00:36.78,3057.686279,1440.651123
00:36.80,3046.418213,1440.466431
00:36.81,3035.120117,1440.325439
00:36.83,3023.792236,1440.230347
00:36.84,3012.435303,1440.183105
00:36.86,3001.049805,1440.185547
00:36.88,2989.634277,1440.225830
00:36.89,2978.188965,1440.305298
00:36.91,2966.714355,1440.425171
00:36.92,2955.209961,1440.580811
00:36.94,2943.676270,1440.775879
00:36.96,2932.113281,1441.009521
00:36.97,2920.520996,1441.280762
00:36.99,2908.899414,1441.587524
00:37.00,2897.248047,1441.927002
00:37.02,2885.567139,1442.297607
00:37.04,2873.856201,1442.696655
00:37.05,2862.114990,1443.120483
00:37.07,2850.343262,1443.567017
00:37.08,2838.541016,1444.032837
00:37.10,2826.707764,1444.515015
00:37.12,2814.843506,1445.011719
00:37.13,2802.947998,1445.519043
00:37.15,2791.021240,1446.034424
00:37.16,2779.062988,1446.555420
00:37.18,2767.073242,1447.078491
00:37.20,2755.052002,1447.601562
00:37.21,2742.999023,1448.121338
00:37.23,2730.914307,1448.636108
00:37.24,2718.798096,1449.142822
00:37.26,2706.650146,1449.639893
00:37.28,2694.470703,1450.124512
00:37.29,2682.259766,1450.594116
00:37.31,2670.017578,1451.047363
00:37.32,2657.744141,1451.481812
00:37.34,2645.439697,1451.895264
00:37.36,2633.104492,1452.286499
00:37.37,2620.738525,1452.653442
00:37.39,2608.342041,1452.995117
00:37.40,2595.915039,1453.309448
00:37.42,2583.458008,1453.595703
00:37.44,2570.970947,1453.853027
00:37.45,2558.454346,1454.079468
00:37.47,2545.908203,1454.274414
00:37.48,2533.332764,1454.437134
00:37.50,2520.728271,1454.567017
00:37.52,2508.094971,1454.663330
00:37.53,2495.433105,1454.724365
00:37.55,2482.742920,1454.749634
00:37.56,2470.024414,1454.738525
00:37.58,2457.278076,1454.691895
00:37.60,2444.503906,1454.609009
00:37.61,2431.701904,1454.489502
00:37.63,2418.872314,1454.333008
00:37.64,2406.015381,1454.139038
00:37.66,2393.131348,1453.907104
00:37.68,2380.220215,1453.636963
00:37.69,2367.282227,1453.329346
00:37.71,2354.316406,1452.992676
00:37.72,2341.322510,1452.627319
00:37.74,2328.301025,1452.233398
00:37.76,2315.251465,1451.812256
00:37.77,2302.174072,1451.365234
00:37.79,2289.068848,1450.893311
00:37.80,2275.935547,1450.397705
00:37.82,2262.773926,1449.880493
00:37.84,2249.584229,1449.343628
00:37.85,2236.365967,1448.790161
00:37.87,2223.119141,1448.221802
00:37.88,2209.843506,1447.641357
00:37.90,2196.538818,1447.051514
00:37.92,2183.205078,1446.454712
00:37.93,2169.842285,1445.853271
00:37.95,2156.450439,1445.249512
00:37.96,2143.029297,1444.645630
00:37.98,2129.578857,1444.044800
00:38.00,2116.099121,1443.448975
00:38.01,2102.590088,1442.860107
00:38.03,2089.051758,1442.281006
00:38.04,2075.484131,1441.714355
00:38.06,2061.887451,1441.161743
00:38.08,2048.261719,1440.625732
00:38.09,2034.607056,1440.107788
00:38.11,2020.923706,1439.610229
00:38.12,2007.211670,1439.134277
00:38.14,1993.471191,1438.682373
00:38.16,1979.702393,1438.256592
00:38.17,1965.905518,1437.857910
00:38.19,1952.080811,1437.488403
00:38.20,1938.228394,1437.148926
00:38.22,1924.348511,1436.840454
00:38.24,1910.441406,1436.564941
00:38.25,1896.507324,1436.322998
00:38.27,1882.546509,1436.115479
00:38.28,1868.559204,1435.944092
00:38.30,1854.545654,1435.809570
00:38.32,1840.506104,1435.712524
00:38.33,1826.440674,1435.653564
00:38.35,1812.349731,1435.633179
00:38.36,1798.233398,1435.651978
00:38.38,1784.091919,1435.710571
00:38.40,1769.925537,1435.809326
00:38.41,1755.734375,1435.948730
00:38.43,1741.518433,1436.128052
00:38.44,1727.277954,1436.347778
00:38.46,1713.013184,1436.608276
00:38.48,1698.724243,1436.910034
00:38.49,1684.409912,1437.243408
00:38.51,1670.070312,1437.608032
00:38.52,1655.705566,1438.003784
00:38.54,1641.315674,1438.430542
00:38.56,1626.900513,1438.886841
00:38.57,1612.459961,1439.370483
00:38.59,1597.994019,1439.880371
00:38.60,1583.502441,1440.414307
00:38.62,1568.985107,1440.970215
00:38.64,1554.441895,1441.546265
00:38.65,1539.872559,1442.139526
00:38.67,1525.276978,1442.747070
00:38.68,1510.654907,1443.366333
00:38.70,1496.006348,1443.994629
00:38.72,1481.331055,1444.629639
00:38.73,1466.628906,1445.267822
00:38.75,1451.899902,1445.906982
00:38.76,1437.144165,1446.534912
00:38.78,1422.361450,1447.157959
00:38.80,1407.551880,1447.768555
00:38.81,1392.715454,1448.364014
00:38.83,1377.852173,1448.946167
00:38.84,1362.962402,1449.506836
00:38.86,1348.046265,1450.043823
00:38.88,1333.103638,1450.558105
00:38.89,1318.134888,1451.046265
00:38.91,1303.140625,1451.501831
00:38.92,1288.120605,1451.926147
00:38.94,1273.075317,1452.316162
00:38.96,1258.005615,1452.665527
00:38.97,1243.254883,1452.971558
00:38.99,1228.823853,1453.229004
00:39.00,1214.712769,1453.436401
00:39.02,1200.921143,1453.598267
00:39.04,1187.449829,1453.709595
00:39.05,1174.299194,1453.770386
00:39.07,1161.488647,1453.734863
00:39.08,1149.006714,1453.625610
00:39.10,1136.855225,1453.438232
00:39.12,1125.032471,1453.176025
00:39.13,1113.540649,1452.833496
00:39.15,1102.379883,1452.410278
00:39.16,1091.548462,1451.909180
00:39.18,1081.046753,1451.329346
00:39.20,1070.875488,1450.669678
00:39.21,1061.037476,1449.927002
00:39.23,1051.533203,1449.101807
00:39.24,1042.363281,1448.195068
00:39.26,1033.528076,1447.208618
00:39.28,1025.028320,1446.143677
00:39.29,1016.864136,1445.003540
00:39.31,1008.709595,1443.736450
00:39.32,1000.628723,1442.361938
00:39.34,992.624146,1440.879517
00:39.36,984.698547,1439.288818
00:39.37,976.851501,1437.592651
00:39.39,969.086182,1435.790039
00:39.40,961.408386,1433.878418
00:39.42,953.821167,1431.857666
00:39.44,946.327026,1429.728638
00:39.45,938.928955,1427.491455
00:39.47,931.629944,1425.146729
00:39.48,924.430115,1422.696777
00:39.50,917.332520,1420.142456
00:39.52,910.284180,1417.451172
00:39.53,903.288208,1414.623291
00:39.55,896.344238,1411.661743
00:39.56,889.454834,1408.567627
00:39.58,882.622498,1405.342041
00:39.60,875.849731,1401.986206
00:39.61,869.135498,1398.503052
00:39.63,862.481689,1394.894165
00:39.64,855.890991,1391.160278
00:39.66,849.364502,1387.303589
00:39.68,842.904236,1383.325317
00:39.69,836.511292,1379.227417
00:39.71,830.187744,1375.011108
00:39.72,823.930969,1370.679932
00:39.74,817.741455,1366.235962
00:39.76,811.620728,1361.680420
00:39.77,805.569397,1357.015381
00:39.79,799.630981,1352.291382
00:39.80,793.806091,1347.510132
00:39.82,788.052795,1342.623901
00:39.84,782.371948,1337.634399
00:39.85,776.763306,1332.543823
00:39.87,771.226807,1327.354004
00:39.88,765.763489,1322.066284
00:39.90,760.411377,1316.735229
00:39.92,755.132324,1311.309814
00:39.93,749.925049,1305.792358
00:39.95,744.789062,1300.184692
00:39.96,739.723755,1294.488647
00:39.98,734.728638,1288.705933
00:40.00,729.802490,1282.838623
00:40.01,724.945190,1276.888062
00:40.03,720.159790,1270.855225
00:40.04,715.474731,1264.798340
00:40.06,710.890015,1258.718750
00:40.08,706.408813,1252.617310
00:40.09,702.030945,1246.495239
00:40.11,697.756226,1240.353882
00:40.12,693.608276,1234.141357
00:40.14,689.559021,1227.853760
00:40.16,685.610046,1221.492554
00:40.17,681.763855,1215.059204
00:40.19,678.023865,1208.555054
00:40.20,674.393372,1201.981812
00:40.22,670.876587,1195.341064
00:40.24,667.478455,1188.634644
00:40.25,664.200806,1181.863647
00:40.27,661.052185,1175.031738
00:40.28,658.033936,1168.140381
00:40.30,655.151245,1161.192505
00:40.32,652.409058,1154.191284
00:40.33,649.813110,1147.140259
00:40.35,647.367737,1140.043091
00:40.36,645.078247,1132.903931
00:40.38,642.945679,1125.725220
00:40.40,640.978638,1118.513550
00:40.41,639.177734,1111.271606
00:40.43,637.549866,1104.006348
00:40.44,636.095459,1096.720581
00:40.46,634.821899,1089.422241
00:40.48,633.729065,1082.114380
00:40.49,632.819336,1074.802246
00:40.51,632.099365,1067.494751
00:40.52,631.558044,1060.186523
00:40.54,631.204834,1052.888916
00:40.56,631.037842,1045.604492
00:40.57,631.057129,1038.338257
00:40.59,631.258362,1031.091553
00:40.60,631.640137,1023.868042
00:40.62,632.196838,1016.667786
00:40.64,632.927612,1009.496033
00:40.65,633.828674,1002.354919
00:40.67,634.892700,995.242920
00:40.68,636.115234,988.161011
00:40.70,637.492432,981.110291
00:40.72,639.019897,974.091187
00:40.73,640.691833,967.101868
00:40.75,642.503906,960.142334
00:40.76,644.452454,953.212769
00:40.78,646.534180,946.313354
00:40.80,648.746094,939.444397
00:40.81,651.084595,932.605591
00:40.83,653.546509,925.796814
00:40.84,656.128967,919.017944
00:40.86,658.828552,912.268311
00:40.88,661.643005,905.547974
00:40.89,664.569397,898.856506
00:40.91,667.605957,892.194153
00:40.92,670.750122,885.560608
00:40.94,674.000488,878.956299
00:40.96,677.354797,872.381104
00:40.97,680.811157,865.834839
00:40.99,684.367798,859.317505
00:41.00,688.023865,852.829895
00:41.02,691.777710,846.372070
00:41.04,695.627869,839.944214
00:41.05,699.573792,833.547302
00:41.07,703.614014,827.181519
00:41.08,707.750366,820.851440
00:41.10,711.979126,814.553650
00:41.12,716.256958,808.338013
00:41.13,720.585388,802.208984
00:41.15,724.960815,796.163025
00:41.16,729.429443,790.157593
00:41.18,733.991150,784.194458
00:41.20,738.645020,778.274597
00:41.21,743.390259,772.398926
00:41.23,748.238464,766.618225
00:41.24,753.138489,760.957275
00:41.26,758.137512,755.371887
00:41.28,763.235107,749.865601
00:41.29,768.431763,744.443604
00:41.31,773.727417,739.111206
00:41.32,779.121155,733.869446
00:41.34,784.612549,728.723633
00:41.36,790.201355,723.679749
00:41.37,795.886047,718.738403
00:41.39,801.665588,713.905029
00:41.40,807.538513,709.184753
00:41.42,813.503052,704.582581
00:41.44,819.557251,700.099121
00:41.45,825.698730,695.738220
00:41.47,831.925659,691.500549
00:41.48,838.235107,687.393982
00:41.50,844.624634,683.416809
00:41.52,851.091797,679.572815
00:41.53,857.633606,675.864441
00:41.55,864.247864,672.290100
00:41.56,870.931763,668.852539
00:41.58,877.682373,665.553284
00:41.60,884.497559,662.388855
00:41.61,891.373840,659.365295
00:41.63,898.308289,656.483093
00:41.64,905.298035,653.743042
00:41.66,912.340393,651.144714
00:41.68,919.433899,648.685120
00:41.69,926.575867,646.364197
00:41.71,933.763794,644.182129
00:41.72,940.995178,642.139099
00:41.74,948.267639,640.234253
00:41.76,955.578918,638.466980
00:41.77,962.926758,636.836792
00:41.79,970.308960,635.343201
00:41.80,977.723328,633.985779
00:41.82,985.167603,632.764282
00:41.84,992.639832,631.677307
00:41.85,1000.137878,630.724854
00:41.87,1007.659851,629.905762
00:41.88,1015.201599,629.224121
00:41.90,1022.761169,628.678589
00:41.92,1030.336426,628.269226
00:41.93,1037.925049,627.995972
00:41.95,1045.524902,627.858826
00:41.96,1053.133789,627.856934
00:41.98,1060.749512,627.990173
00:42.00,1068.367798,628.261230
00:42.01,1076.010254,628.581482
00:42.03,1083.671509,629.000977
00:42.04,1091.353149,629.511597
00:42.06,1099.055542,630.109375
00:42.08,1106.779785,630.788696
00:42.09,1114.527954,631.540344
00:42.11,1122.300415,632.362244
00:42.12,1130.098877,633.247437
00:42.14,1137.924805,634.189514
00:42.16,1145.779907,635.181641
00:42.17,1153.665527,636.217468
00:42.19,1161.583130,637.290161
00:42.20,1169.534424,638.392273
00:42.22,1177.519653,639.522461
00:42.24,1185.540771,640.669678
00:42.25,1193.598633,641.828003
00:42.27,1201.693848,642.995178
00:42.28,1209.827026,644.165894
00:42.30,1217.998779,645.335144
00:42.32,1226.209229,646.502563
00:42.33,1234.459106,647.659180
00:42.35,1242.748413,648.805237
00:42.36,1251.077148,649.937683
00:42.38,1259.445557,651.053650
00:42.40,1267.853638,652.150330
00:42.41,1276.301392,653.225159
00:42.43,1284.788574,654.280090
00:42.44,1293.315308,655.309265
00:42.46,1301.881348,656.311523
00:42.48,1310.486694,657.285706
00:42.49,1319.130981,658.230713
00:42.51,1327.814209,659.146667
00:42.52,1336.536011,660.032410
00:42.54,1345.296265,660.888062
00:42.56,1354.094849,661.713684
00:42.57,1362.931519,662.509216
00:42.59,1371.806030,663.274597
00:42.60,1380.718262,664.009888
00:42.62,1389.667969,664.714966
00:42.64,1398.655029,665.389771
00:42.65,1407.679321,666.034241
00:42.67,1416.740601,666.649414
00:42.68,1425.838623,667.235046
00:42.70,1434.973267,667.791016
00:42.72,1444.144409,668.318237
00:42.73,1453.351929,668.816406
00:42.75,1462.595581,669.286438
00:42.76,1471.875244,669.727905
00:42.78,1481.190796,670.141724
00:42.80,1490.542114,670.527405
00:42.81,1499.928955,670.885742
00:42.83,1509.351196,671.216248
00:42.84,1518.808716,671.519714
00:42.86,1528.301514,671.796753
00:42.88,1537.829224,672.046753
00:42.89,1547.391846,672.270447
00:42.91,1556.989136,672.467163
00:42.92,1566.621094,672.637573
00:42.94,1576.287476,672.781067
00:42.96,1585.988159,672.898254
00:42.97,1595.723022,672.989624
00:42.99,1605.491943,673.054504
00:43.00,1615.294800,673.093445
00:43.02,1625.131348,673.105774
00:43.04,1635.001587,673.092041
00:43.05,1644.905273,673.051575
00:43.07,1654.842407,672.984985
00:43.08,1664.812866,672.891541
00:43.10,1674.816650,672.771851
00:43.12,1684.853516,672.625244
00:43.13,1694.923340,672.452271
00:43.15,1705.026123,672.252258
00:43.16,1715.161743,672.025757
00:43.18,1725.330078,671.772034
00:43.20,1735.531860,671.500671
00:43.21,1745.767090,671.211548
00:43.23,1756.035645,670.904602
00:43.24,1766.337524,670.580811
00:43.26,1776.672729,670.239990
00:43.28,1787.041260,669.884216
00:43.29,1797.443237,669.514221
00:43.31,1807.878662,669.131897
00:43.32,1818.347534,668.738953
00:43.34,1828.849976,668.336975
00:43.36,1839.386108,667.927490
00:43.37,1849.955933,667.513000
00:43.39,1860.559448,667.094788
00:43.40,1871.196533,666.670654
00:43.42,1881.867310,666.246338
00:43.44,1892.571899,665.823975
00:43.45,1903.310181,665.405579
00:43.47,1914.082275,664.993042
00:43.48,1924.888062,664.588074
00:43.50,1935.727417,664.192322
00:43.52,1946.600342,663.807434
00:43.53,1957.506836,663.434875
00:43.55,1968.446655,663.076111
00:43.56,1979.419800,662.732544
00:43.58,1990.426147,662.405396
00:43.60,2001.465576,662.095947
00:43.61,2012.537842,661.805359
00:43.63,2023.642944,661.534790
00:43.64,2034.780762,661.285339
00:43.66,2045.951050,661.057983
00:43.68,2057.153564,660.853699
00:43.69,2068.388428,660.673462
00:43.71,2079.655273,660.518127
00:43.72,2090.953857,660.388611
00:43.74,2102.284180,660.285706
00:43.76,2113.645752,660.210205
00:43.77,2125.038574,660.162842
00:43.79,2136.462646,660.144409
00:43.80,2147.917480,660.155518
00:43.82,2159.403076,660.196838
00:43.84,2170.919189,660.268982
00:43.85,2182.465576,660.372498
00:43.87,2194.042236,660.507935
00:43.88,2205.648926,660.674683
00:43.90,2217.285645,660.873291
00:43.92,2228.952393,661.104370
00:43.93,2240.648682,661.368347
00:43.95,2252.374512,661.664612
00:43.96,2264.129883,661.993774
00:43.98,2275.914551,662.356323
00:44.00,2287.728516,662.751648
00:44.01,2299.571533,663.180298
00:44.03,2311.443604,663.641663
00:44.04,2323.344482,664.136353
00:44.06,2335.275391,664.651489
00:44.08,2347.236084,665.191650
00:44.09,2359.227051,665.751099
00:44.11,2371.248047,666.328979
00:44.12,2383.299316,666.924500
00:44.14,2395.381104,667.535645
00:44.16,2407.493408,668.159607
00:44.17,2419.636230,668.794861
00:44.19,2431.809814,669.442017
00:44.20,2444.014404,670.094116
00:44.22,2456.250000,670.748840
00:44.24,2468.516846,671.402893
00:44.25,2480.814941,672.053162
00:44.27,2493.144287,672.700073
00:44.28,2505.504883,673.336243
00:44.30,2517.896729,673.959045
00:44.32,2530.320068,674.569275
00:44.33,2542.774414,675.158875
00:44.35,2555.259521,675.725708
00:44.36,2567.775635,676.271057
00:44.38,2580.322266,676.787170
00:44.40,2592.834473,677.275513
00:44.41,2605.312256,677.734497
00:44.43,2617.755127,678.161499
00:44.44,2630.163086,678.555115
00:44.46,2642.536133,678.913940
00:44.48,2654.873779,679.235657
00:44.49,2667.175781,679.519104
00:44.51,2679.442139,679.763062
00:44.52,2691.672607,679.967529
00:44.54,2703.867432,680.135864
00:44.56,2716.025879,680.263367
00:44.57,2728.147949,680.348938
00:44.59,2740.233398,680.392639
00:44.60,2752.281982,680.394531
00:44.62,2764.293701,680.354736
00:44.64,2776.268555,680.274353
00:44.65,2788.206543,680.153503
00:44.67,2800.106934,679.987854
00:44.68,2811.970459,679.782227
00:44.70,2823.796143,679.532349
00:44.72,2835.583984,679.239624
00:44.73,2847.334229,678.904297
00:44.75,2859.049561,678.557007
00:44.76,2870.729248,678.180603
00:44.78,2882.374023,677.780151
00:44.80,2893.983643,677.352478
00:44.81,2905.558105,676.900024
00:44.83,2917.098145,676.425110
00:44.84,2928.603760,675.929871
00:44.86,2940.075195,675.416382
00:44.88,2951.512939,674.887634
00:44.89,2962.917236,674.345337
00:44.91,2974.288330,673.792236
00:44.92,2985.626465,673.230896
00:44.94,2996.932129,672.664734
00:44.96,3008.205322,672.095886
00:44.97,3019.446045,671.521973
00:44.99,3030.654785,670.949768
00:45.00,3041.831787,670.382202
00:45.02,3052.977051,669.820923
00:45.04,3064.090576,669.267639
00:45.05,3075.172607,668.724915
00:45.07,3086.223145,668.194092
00:45.08,3097.242432,667.677612
00:45.10,3108.230225,667.176636
00:45.12,3119.186523,666.693359
00:45.13,3130.111572,666.228821
00:45.15,3141.005127,665.783997
00:45.16,3151.867188,665.360840
00:45.18,3162.697754,664.960144
00:45.20,3173.496826,664.582703
00:45.21,3184.264404,664.230347
00:45.23,3195.000244,663.903625
00:45.24,3205.704346,663.603088
00:45.26,3216.376465,663.329407
00:45.28,3227.016846,663.083069
00:45.29,3237.625244,662.864624
00:45.31,3248.201416,662.674500
00:45.32,3258.745361,662.513123
00:45.34,3269.257080,662.380920
00:45.36,3279.736572,662.278259
00:45.37,3290.183594,662.205444
00:45.39,3300.598145,662.162842
00:45.40,3310.980225,662.149658
00:45.42,3321.329590,662.166260
00:45.44,3331.646240,662.212891
00:45.45,3341.930176,662.289795
00:45.47,3352.181396,662.396057
00:45.48,3362.399902,662.531982
00:45.50,3372.586670,662.687622
00:45.52,3382.741699,662.862793
00:45.53,3392.865234,663.057312
00:45.55,3402.957031,663.270935
00:45.56,3413.017334,663.502441
00:45.58,3423.046387,663.749695
00:45.60,3433.044189,664.011780
00:45.61,3443.011230,664.286804
00:45.63,3452.947266,664.572937
00:45.64,3462.852783,664.868530
00:45.66,3472.727783,665.170959
00:45.68,3482.572510,665.478882
00:45.69,3492.387207,665.789978
00:45.71,3502.171875,666.101990
00:45.72,3511.926514,666.414001
00:45.74,3521.651367,666.723938
00:45.76,3531.346436,667.028870
00:45.77,3541.011963,667.327209
00:45.79,3550.647949,667.617371
00:45.80,3560.254395,667.897888
00:45.82,3569.831299,668.167297
00:45.84,3579.378662,668.424377
00:45.85,3588.896484,668.667847
00:45.87,3598.384766,668.896545
00:45.88,3607.843506,669.108337
00:45.90,3617.272705,669.302368
00:45.92,3626.672119,669.477783
00:45.93,3636.041992,669.633667
00:45.95,3645.382080,669.769348
00:45.96,3654.692383,669.884033
00:45.98,3663.972656,669.977051
00:46.00,3673.222900,670.047852
00:46.01,3682.443359,670.095764
00:46.03,3691.633545,670.120361
00:46.04,3700.793701,670.121094
00:46.06,3709.923584,670.098633
00:46.08,3719.023193,670.052429
00:46.09,3728.092529,669.982056
00:46.11,3737.131592,669.887207
00:46.12,3746.140381,669.767578
00:46.14,3755.118896,669.623962
00:46.16,3764.067139,669.455933
00:46.17,3772.985107,669.294800
00:46.19,3781.873779,669.126892
00:46.20,3790.733154,668.958252
00:46.22,3799.563477,668.785400
00:46.24,3808.364990,668.610657
00:46.25,3817.137695,668.437195
00:46.27,3825.881592,668.267883
00:46.28,3834.596924,668.105408
00:46.30,3843.283691,667.953247
00:46.32,3851.942139,667.810120
00:46.33,3860.292236,667.688660
00:46.35,3868.333984,667.591064
00:46.36,3876.347900,667.511047
00:46.38,3884.333496,667.455750
00:46.40,3892.290771,667.423767
00:46.41,3900.219482,667.417175
00:46.43,3908.119629,667.437988
00:46.44,3915.990723,667.488098
00:46.46,3923.832520,667.570190
00:46.48,3931.644775,667.684631
00:46.49,3939.427490,667.832886
00:46.51,3947.180908,668.011719
00:46.52,3954.903809,668.226990
00:46.54,3962.596436,668.478638
00:46.56,3970.259033,668.763306
00:46.57,3977.890869,669.085510
00:46.59,3985.491699,669.445129
00:46.60,3993.062256,669.837585
00:46.62,4000.601562,670.267456
00:46.64,4008.109375,670.734497
00:46.65,4015.586670,671.234192
00:46.67,4023.033447,671.765686
00:46.68,4030.449463,672.329224
00:46.70,4037.833984,672.928223
00:46.72,4045.187988,673.557312
00:46.73,4052.511475,674.215820
00:46.75,4059.804688,674.903137
00:46.76,4067.066406,675.622925
00:46.78,4074.297852,676.369995
00:46.80,4081.499023,677.143860
00:46.81,4088.670166,677.944031
00:46.83,4095.810059,678.773254
00:46.84,4102.918945,679.630981
00:46.86,4109.967773,680.568909
00:46.88,4116.976562,681.556763
00:46.89,4123.942871,682.598328
00:46.91,4130.866211,683.695312
00:46.92,4137.745605,684.848877
00:46.94,4144.581543,686.057312
00:46.96,4151.370117,687.327148
00:46.97,4158.111816,688.657837
00:46.99,4164.804199,690.052246
00:47.00,4171.445312,691.512817
00:47.02,4178.033203,693.041626
00:47.04,4184.564941,694.641479
00:47.05,4191.038086,696.314514
00:47.07,4197.452637,698.059326
00:47.08,4203.806152,699.876831
00:47.10,4210.096680,701.768738
00:47.12,4216.321289,703.736389
00:47.13,4222.478027,705.779846
00:47.15,4228.564453,707.900024
00:47.16,4234.578613,710.096680
00:47.18,4240.521973,712.366638
00:47.20,4246.392090,714.709839
00:47.21,4252.188477,717.125244
00:47.23,4257.908691,719.612671
00:47.24,4263.552246,722.170898
00:47.26,4269.117676,724.798767
00:47.28,4274.604492,727.494385
00:47.29,4280.011719,730.256775
00:47.31,4285.342285,733.081482
00:47.32,4290.595215,735.967834
00:47.34,4295.770508,738.913452
00:47.36,4300.867676,741.916992
00:47.37,4305.883301,744.978699
00:47.39,4310.820801,748.094788
00:47.40,4315.680664,751.263184
00:47.42,4320.462402,754.482117
00:47.44,4325.164062,757.751282
00:47.45,4329.789062,761.066772
00:47.47,4334.337891,764.426941
00:47.48,4338.806641,767.832458
00:47.50,4343.140625,771.296021
00:47.52,4347.370117,774.810608
00:47.53,4351.494141,778.375183
00:47.55,4355.510742,781.987915
00:47.56,4359.423340,785.645874
00:47.58,4363.229980,789.348145
00:47.60,4366.932617,793.092224
00:47.61,4370.524902,796.877563
00:47.63,4374.009277,800.701599
00:47.64,4377.383789,804.562805
00:47.66,4380.650879,808.458557
00:47.68,4383.805664,812.387451
00:47.69,4386.851074,816.346680
00:47.71,4389.823242,820.389587
00:47.72,4392.715820,824.515015
00:47.74,4395.532227,828.720154
00:47.76,4398.275879,833.002808
00:47.77,4400.914062,837.302734
00:47.79,4403.446289,841.617920
00:47.80,4405.876465,845.946411
00:47.82,4408.228516,850.346191
00:47.84,4410.502930,854.815186
00:47.85,4412.698730,859.351868
00:47.87,4414.816406,863.954285
00:47.88,4416.839355,868.559082
00:47.90,4418.768066,873.164673
00:47.92,4420.619629,877.831848
00:47.93,4422.399414,882.559021
00:47.95,4424.106934,887.344788
00:47.96,4425.722656,892.124329
00:47.98,4427.252441,896.896362
00:48.00,4428.696289,901.659729
00:48.01,4430.067383,906.476685
00:48.03,4431.366211,911.345947
00:48.04,4432.592773,916.266296
00:48.06,4433.743652,921.172607
00:48.08,4434.813965,926.063538
00:48.09,4435.810059,930.938354
00:48.11,4436.739258,935.860596
00:48.12,4437.602539,940.829285
00:48.14,4438.395996,945.842712
00:48.16,4439.119629,950.835876
00:48.17,4439.773926,955.807861
00:48.19,4440.359375,960.757812
00:48.20,4440.879883,965.749756
00:48.22,4441.283203,970.759583
00:48.24,4441.594727,975.735046
00:48.25,4441.818848,980.676758
00:48.27,4441.953613,985.647949
00:48.28,4441.998047,990.647095
00:48.30,4441.950684,995.672180
00:48.32,4441.809570,1000.721130
00:48.33,4441.583496,1005.729431
00:48.35,4441.270996,1010.695190
00:48.36,4440.865723,1015.682739
00:48.38,4440.362793,1020.687866
00:48.40,4439.765625,1025.710815
00:48.41,4439.086914,1030.686035
00:48.43,4438.326172,1035.611816
00:48.44,4437.468750,1040.549438
00:48.46,4436.517578,1045.499634
00:48.48,4435.472656,1050.460449
00:48.49,4434.352539,1055.368164
00:48.51,4433.157715,1060.221069
00:48.52,4431.892578,1065.020508
00:48.54,4430.535156,1069.825928
00:48.56,4429.086426,1074.636353
00:48.57,4427.546387,1079.450439
00:48.59,4425.916016,1084.266968
00:48.60,4424.226074,1089.028442
00:48.62,4422.476562,1093.733765
00:48.64,4420.669434,1098.382446
00:48.65,4418.776367,1103.031982
00:48.67,4416.798340,1107.681763
00:48.68,4414.736328,1112.330933
00:48.70,4412.622559,1116.921997
00:48.72,4410.458008,1121.454346
00:48.73,4408.223145,1125.897949
00:48.75,4405.931152,1130.270874
00:48.76,4403.548340,1134.627441
00:48.78,4401.077637,1138.969482
00:48.80,4398.519043,1143.295044
00:48.81,4395.872070,1147.602417
00:48.83,4393.175781,1151.837402
00:48.84,4390.432129,1156.001465
00:48.86,4387.642090,1160.093018
00:48.88,4384.764648,1164.160645
00:48.89,4381.799805,1168.202515
00:48.91,4378.750000,1172.220337
00:48.92,4375.615723,1176.212036
00:48.94,4372.441406,1180.128540
00:48.96,4369.229980,1183.972534
00:48.97,4365.981445,1187.742065
00:48.99,4362.650391,1191.481079
00:49.00,4359.237793,1195.189087
00:49.02,4355.746094,1198.868408
00:49.04,4352.225098,1202.475830
00:49.05,4348.676270,1206.011719
00:49.07,4345.101074,1209.475708
00:49.08,4341.450195,1212.909058
00:49.10,4337.726562,1216.315796
00:49.12,4333.931152,1219.695923
00:49.13,4330.117188,1223.011230
00:49.15,4326.286133,1226.262451
00:49.16,4322.440918,1229.453979
00:49.18,4318.581055,1232.583130
00:49.20,4314.656250,1235.692017
00:49.21,4310.665527,1238.777466
00:49.23,4306.612793,1241.845215
00:49.24,4302.552734,1244.859741
00:49.26,4298.486328,1247.822144
00:49.28,4294.414062,1250.732544
00:49.29,4290.338867,1253.595825
00:49.31,4286.204590,1256.443726
00:49.32,4282.013672,1259.280518
